TABLE_NAME,COLUMN_NAME,IS_PHI,DE_IDENTIFICATION_RULE,MASK_VALUE,REFERENCE_PATIENT_ID,REFERENCE_ENCOUNTER_ID
Address,AddressID,No,,,,
Address,AddressLine1,No,,,,
Address,AddressLine2,No,,,,
Address,City,No,,,,
Address,County,No,,,,
Address,State,No,,,,
Address,Country,No,,,,
Address,PostalCode,No,,,,
Address,PhoneNum1,Yes,MASK,PhoneNum1,,
Address,PhoneNum2,Yes,MASK,PhoneNum2,,
Address,FaxNumber,Yes,MASK,FaxNumber,,
Address,nd_auto_increment_id,No,,,,
br_Account,PatientID,Yes,PATIENT_ID,,,
br_Account,AcctOpenDate,Yes,DATE_OFFSET,,,
br_Account,AcctActiveFlag,No,,,,
br_Account,LastInactivationDate,Yes,DATE_OFFSET,,,
br_Account,LastInactivationID,No,,,,
br_Account,LastInactivationReasonComment,No,,,,
br_Account,LastReactivationDate,No,,,,
br_Account,LastReactivationID,No,,,,
br_Account,LastReactivationComment,No,,,,
br_Account,BalanceDate,Yes,DATE_OFFSET,,,
br_Account,TotalAccountBalance,No,,,,
br_Account,PatientLastPaymentDate,Yes,DATE_OFFSET,,,
br_Account,PatientLastPaymentAmount,No,,,,
br_Account,PatientLastStatementDate,Yes,DATE_OFFSET,,,
br_Account,PatientLastStatementAmount,No,,,,
br_Account,YTDPatientAmountDue,No,,,,
br_Account,UnappliedCredit,No,,,,
br_Account,ConvertedAcctID,No,,,,
br_Account,Note,No,,,,
br_Account,NoteDate,No,,,,
br_Account,CurrUserID,No,,,,
br_Account,CurrDateTime,Yes,DATE_OFFSET,,,
br_Account,InsuranceLastStatementAmount,No,,,,
br_Account,CreditLastStatementAmount,No,,,,
br_Account,AccountBalanceCalcMethod,No,,,,
br_Account,ExcludeFinanceCharge,No,,,,
br_Account,ExcludeDunningMessages,No,,,,
br_ServiceDetail,ServiceDetailID,No,,,,
br_ServiceDetail,ChargeID,No,,,,
br_ServiceDetail,PatientID,Yes,PATIENT_ID,,,
br_ServiceDetail,VisitID,Yes,ENCOUNTER_ID,,,
br_ServiceDetail,ProcedureMasterID,No,,,,
br_ServiceDetail,CurrUserID,Yes,MASK,CurrUserID,,
br_ServiceDetail,RevisionUserID,Yes,MASK,RevisionUserID,,
br_ServiceDetail,CareProviderID,Yes,MASK,CareProviderID,,
br_ServiceDetail,LocationID,No,,,,
br_ServiceDetail,PracticeLocationID,No,,,,
br_ServiceDetail,RenderingProviderID,No,,,,
br_ServiceDetail,ReferringProvID,No,,,,
br_ServiceDetail,VoidServiceDetailID,No,,,,
br_ServiceDetail,AccidentStateID,No,,,,
br_ServiceDetail,AccidentTypeID,No,,,,
br_ServiceDetail,ClaimDetailNum,No,,,,
br_ServiceDetail,PostingDate,Yes,DATE_OFFSET,,,
br_ServiceDetail,Charge,Yes,MASK,Charge,,
br_ServiceDetail,NumberOfDaysOrUnits,No,,,,
br_ServiceDetail,FromDate,Yes,DATE_OFFSET,,,
br_ServiceDetail,ToDate,Yes,DATE_OFFSET,,,
br_ServiceDetail,PlaceOfServiceID,No,,,,
br_ServiceDetail,TypeOfService,No,,,,
br_ServiceDetail,ProcedureCode,No,,,,
br_ServiceDetail,EPSDTInd,No,,,,
br_ServiceDetail,EMGInd,No,,,,
br_ServiceDetail,COBInd,No,,,,
br_ServiceDetail,DeductibleAmount,No,,,,
br_ServiceDetail,IsBilled,No,,,,
br_ServiceDetail,CreateClaim,No,,,,
br_ServiceDetail,SuspendAR,No,,,,
br_ServiceDetail,EmplRelatedFlag,No,,,,
br_ServiceDetail,AutoAccFlag,No,,,,
br_ServiceDetail,AutoAccidentState,No,,,,
br_ServiceDetail,AccRespFlag,No,,,,
br_ServiceDetail,OtherAccident,No,,,,
br_ServiceDetail,ResubmitClaim,No,,,,
br_ServiceDetail,HospAdmitDate,Yes,DATE_OFFSET,,,
br_ServiceDetail,HospDischDate,Yes,DATE_OFFSET,,,
br_ServiceDetail,DisabilityFromDate,Yes,DATE_OFFSET,,,
br_ServiceDetail,DisabilityToDate,No,,,,
br_ServiceDetail,SymptomDate,Yes,DATE_OFFSET,,,
br_ServiceDetail,SimilarDate,No,,,,
br_ServiceDetail,RevisionDateTime,Yes,DATE_OFFSET,,,
br_ServiceDetail,CurrDateTime,Yes,DATE_OFFSET,,,
br_ServiceDetail,OverridePrintExclusion,No,,,,
br_ServiceDetail,BillableToPatient,No,,,,
br_ServiceDetail,Amended,No,,,,
br_ServiceDetail,StatementDate,Yes,DATE_OFFSET,,,
br_ServiceDetail,StatementSuppressionDays,No,,,,
br_ServiceDetail,ExcludeStatement,No,,,,
br_ServiceDetail,BalanceCalcMethod,No,,,,
br_ServiceDetail,UseExclusion,No,,,,
br_ServiceDetail,CoPayAmtApplied,No,,,,
br_ServiceDetail,ResponsibilityDate,Yes,DATE_OFFSET,,,
br_ServiceDetail,Diag1,Yes,MASK,Diag1,,
br_ServiceDetail,Diag2,Yes,MASK,Diag2,,
br_ServiceDetail,Diag3,Yes,MASK,Diag3,,
br_ServiceDetail,Diag4,Yes,MASK,Diag4,,
br_ServiceDetail,Mod1,Yes,MASK,Mod1,,
br_ServiceDetail,Mod2,No,,,,
br_ServiceDetail,Mod3,No,,,,
br_ServiceDetail,Mod4,No,,,,
br_ServiceDetail,BatchID,No,,,,
br_ServiceDetail,OrderDate,No,,,,
br_ServiceDetail,LastSeen,No,,,,
br_ServiceDetail,IgnoreRenderingOverride,No,,,,
br_ServiceDetail,ProcedureAmount,No,,,,
br_ServiceDetail,GlobalPeriod,No,,,,
br_ServiceDetail,NDCQty,No,,,,
br_ServiceDetail,RxNumber,Yes,MASK,RxNumber,,
br_ServiceDetail,InitialTxDate,Yes,DATE_OFFSET,,,
br_ServiceDetail,NonCoveredCharge,No,,,,
br_ServiceDetail,WorkRVU,No,,,,
br_ServiceDetail,MalPracticeRVU,No,,,,
br_ServiceDetail,NonFacPERVU,No,,,,
br_ServiceDetail,FacPERVU,No,,,,
br_ServiceDetail,GPCILocalityID,No,,,,
br_ServiceDetail,NationalConversionFactor,No,,,,
br_ServiceDetail,ChargeScheduleID,No,,,,
br_ServiceDetail,ProcedureMasterAmount,No,,,,
br_ServiceDetail,UserChargeOverride,No,,,,
br_ServiceDetail,ChargeScheduleAmount,No,,,,
br_ServiceDetail,Diag1_ICD10,No,,,,
br_ServiceDetail,Diag2_ICD10,No,,,,
br_ServiceDetail,Diag3_ICD10,Yes,NOTES,,,
br_ServiceDetail,Diag4_ICD10,No,,,,
br_ServiceDetail,ResubmitCharge,No,,,,
br_ServiceDetail,IsEnableGCode,No,,,,
br_ServiceDetail,GCodeID,No,,,,
br_ServiceDetail,OverrideAUCChargeEdit,No,,,,
br_ServiceDetail,GCodeServiceDetailID,No,,,,
CareProvider,CareProviderID,No,,,,
CareProvider,PersonID,Yes,PATIENT_ID,,,
CareProvider,CareProviderTypeID,No,,,,
CareProvider,NationalProviderID,No,,,,
CareProvider,UPINID,No,,,,
CareProvider,GroupNPIID,Yes,MASK,GroupNPIID,,
CareProvider,DEANumber,No,,,,
CareProvider,HospiceEmp,No,,,,
CareProvider,EMCSubmissionID,No,,,,
CareProvider,EMCProviderID,No,,,,
CareProvider,ProvSpecialtyLicense,Yes,MASK,ProvSpecialtyLicense,,
CareProvider,ProvStateLicense,No,,,,
CareProvider,ProvTaxType,No,,,,
CareProvider,ProvTaxID,Yes,MASK,ProvTaxID,,
CareProvider,IDNMemberFlag,No,,,,
CareProvider,ProviderTypeOrgID,No,,,,
CareProvider,CareProvBillable,No,,,,
CareProvider,IsReferringProvider,No,,,,
CareProvider,IsOnStaffProvider,No,,,,
CareProvider,CurrUserID,No,,,,
CareProvider,CurrDateTime,Yes,DATE_OFFSET,,,
CareProvider,UserID,No,,,,
CareProvider,Credentials,No,,,,
CareProvider,Enabled,No,,,,
CareProvider,IsPrimaryCareProvider,No,,,,
CareProvider,StateSubstanceNumber,No,,,,
CareProvider,ShortName,No,,,,
CareProvider,AntigenBoardID,No,,,,
CareProvider,ActiveStartTime,Yes,DATE_OFFSET,,,
CareProvider,ActiveEndTime,Yes,DATE_OFFSET,,,
CareProvider,eRxActionBy,No,,,,
CareProvider,SureScriptSPI,Yes,MASK,SureScriptSPI,,
CareProvider,IsMidlevel,No,,,,
CareProvider,SupervisorID,No,,,,
CareProvider,PracticeLocationID,No,,,,
CareProvider,ServiceLevel,No,,,,
CareProvider,ServiceLevelIds,No,,,,
CareProvider,IsFederalProvider,No,,,,
CareProvider,SpecialityType1,No,,,,
CareProvider,SpecialityType2,No,,,,
CareProvider,SpecialityType3,No,,,,
CareProvider,SpecialityType4,No,,,,
CareProvider,DirectAddress,Yes,MASK,DirectAddress,,
CareProvider,OfficeContactPerson,Yes,MASK,OfficeContactPerson,,
CareProvider,DirectEmailAddress,Yes,MASK,DirectEmailAddress,,
CareProvider,NADEANumber,Yes,MASK,NADEANumber,,
CareProvider,CertificateToPrescribe,No,,,,
CareProvider,TelehealthProviderUrl,Yes,MASK,TelehealthProviderUrl,,
CareProvider,IsTelehealthProvider,No,,,,
CareProvider,nd_auto_increment_id,No,,,,
CareProviderLocation,LocationID,No,,,,
CareProviderLocation,LocationName,Yes,MASK,LocationName,,
CareProviderLocation,LocationAddressID,No,,,,
CareProviderLocation,LocationEmailAddress,Yes,MASK,LocationEmailAddress,,
CareProviderLocation,LocationInternetAddress,Yes,MASK,LocationInternetAddress,,
CareProviderLocation,LocationBillingContact,No,,,,
CareProviderLocation,LocationAdminContact,No,,,,
CareProviderLocation,CLIA,No,,,,
CareProviderLocation,LocationReferralsContact,Yes,MASK,LocationReferralsContact,,
CareProviderLocation,ActiveLocation,No,,,,
CareProviderLocation,IsPractice,No,,,,
CareProviderLocation,PosCodeID,No,,,,
CareProviderLocation,TaxIDNumber,Yes,MASK,TaxIDNumber,,
CareProviderLocation,LocationBillingName,No,,,,
CareProviderLocation,NPI,Yes,MASK,NPI,,
CareProviderLocation,TaxonomyCode,No,,,,
CareProviderLocation,LocationQualifier,No,,,,
CareProviderLocation,MailingAddressID,No,,,,
CareProviderLocation,IsFacility,No,,,,
CareProviderLocation,GMTMedRegID,No,,,,
CareProviderLocation,DefaultLabAccountID,No,,,,
CareProviderLocation,DefaultExternalCareProviderLabAccountID,No,,,,
CareProviderLocation,ExcludeForMU,No,,,,
CareProviderLocation,PayToAddressID,No,,,,
CareProviderLocation,Billing5010AddressID,No,,,,
CareProviderLocation,IsDefaultLocation,No,,,,
CareProviderLocation,ContractorID,No,,,,
CareProviderLocation,ContractorVersion,No,,,,
CareProviderLocation,DMEContractorID,No,,,,
CareProviderLocation,DMEContractorVersion,No,,,,
CareProviderLocation,crTemplateID,No,,,,
CareProviderLocation,LocationOfficeContact,No,,,,
CareProviderLocation,AmbulatoryClassificationID,No,,,,
CareProviderLocation,nd_auto_increment_id,No,,,,
CareProviderSpecialty,Code,No,,,,
CareProviderSpecialty,Description,No,,,,
CareProviderSpecialty,nd_auto_increment_id,No,,,,
Countries,CountryID,No,,,,
Countries,LocalName,No,,,,
Countries,StandardName,No,,,,
Countries,Description,No,,,,
Countries,IsDefaultField,No,,,,
Countries,Enabled,No,,,,
Countries,nd_auto_increment_id,No,,,,
Ethnicity,EthnicityID,No,,,,
Ethnicity,LocalName,No,,,,
Ethnicity,StandardName,No,,,,
Ethnicity,Description,No,,,,
Ethnicity,IsDefaultField,No,,,,
Ethnicity,Enabled,No,,,,
Ethnicity,MUEthnicityID,No,,,,
Ethnicity,nd_auto_increment_id,No,,,,
fctPatientInsurance,ID,No,,,,
fctPatientInsurance,Name,No,,,,
fctPatientInsurance,FirstName,Yes,MASK,FirstName,,
fctPatientInsurance,MiddleName1,Yes,MASK,MiddleName1,,
fctPatientInsurance,LastName,Yes,MASK,LastName,,
fctPatientInsurance,MaidenName,Yes,MASK,MaidenName,,
fctPatientInsurance,PatientID,Yes,PATIENT_ID,,,
fctPatientInsurance,PersonID,Yes,PATIENT_ID,,,
fctPatientInsurance,AddressLine1,Yes,MASK,AddressLine1,,
fctPatientInsurance,AddressLine2,Yes,MASK,AddressLine2,,
fctPatientInsurance,City,Yes,MASK,City,,
fctPatientInsurance,State,No,,,,
fctPatientInsurance,PostalCode,No,,,,
fctPatientInsurance,County,Yes,MASK,County,,
fctPatientInsurance,Country,No,,,,
fctPatientInsurance,DateOfBirth,Yes,PATIENT_DOB,,,
fctPatientInsurance,Sex,Yes,MASK,Sex,,
fctPatientInsurance,Race,Yes,MASK,Race,,
fctPatientInsurance,Ethnicity,Yes,MASK,Ethnicity,,
fctPatientInsurance,SSN,Yes,MASK,SSN,,
fctPatientInsurance,AssignmentOfBenefits,Yes,MASK,AssignmentOfBenefits,,
fctPatientInsurance,Age,Yes,MASK,Age,,
fctPatientInsurance,PrimaryPhone,Yes,MASK,PrimaryPhone,,
fctPatientInsurance,IsCareProvider,No,,,,
fctPatientInsurance,Credentials,No,,,,
fctPatientInsurance,DeceasedFlag,No,,,,
fctPatientInsurance,DateDeceased,Yes,DATE_OFFSET,,,
fctPatientInsurance,DriverLicNum,Yes,MASK,DriverLicNum,,
fctPatientInsurance,Email1,Yes,MASK,Email1,,
fctPatientInsurance,EmployerName,Yes,MASK,EmployerName,,
fctPatientInsurance,MaritalStatus,No,,,,
fctPatientInsurance,Cell,Yes,MASK,Cell,,
fctPatientInsurance,Fax,Yes,MASK,Fax,,
fctPatientInsurance,HomePhone,Yes,MASK,HomePhone,,
fctPatientInsurance,Pager,No,,,,
fctPatientInsurance,PrimaryWorkPhone,Yes,MASK,PrimaryWorkPhone,,
fctPatientInsurance,NickName,No,,,,
fctPatientInsurance,PreferredProviderID,Yes,MASK,PreferredProviderID,,
fctPatientInsurance,PreferredProvider,Yes,MASK,PreferredProvider,,
fctPatientInsurance,NationalProviderID,Yes,MASK,NationalProviderID,,
fctPatientInsurance,Prefix,No,,,,
fctPatientInsurance,Suffix,No,,,,
fctPatientInsurance,PrimaryLanguage,Yes,MASK,PrimaryLanguage,,
fctPatientInsurance,PreferredCommunications,No,,,,
fctPatientInsurance,ReleaseOfInformation,No,,,,
fctPatientInsurance,Religion,Yes,MASK,Religion,,
fctPatientInsurance,PreferredPharmacyID,Yes,MASK,PreferredPharmacyID,,
fctPatientInsurance,NextApptDate,Yes,DATE_OFFSET,,,
fctPatientInsurance,StatementReceiverID,Yes,MASK,StatementReceiverID,,
fctPatientInsurance,PriCompanyID,Yes,MASK,PriCompanyID,,
fctPatientInsurance,PriCompany,Yes,MASK,PriCompany,,
fctPatientInsurance,PriPlanID,Yes,MASK,PriPlanID,,
fctPatientInsurance,PriPlan,Yes,MASK,PriPlan,,
fctPatientInsurance,PriGroupNumber,Yes,MASK,PriGroupNumber,,
fctPatientInsurance,PriPolicyNumber,Yes,MASK,PriPolicyNumber,,
fctPatientInsurance,PriInsured,Yes,MASK,PriInsured,,
fctPatientInsurance,PriInsuredRel,No,,,,
fctPatientInsurance,PriPlanAddr1,Yes,MASK,PriPlanAddr1,,
fctPatientInsurance,PriPlanAddr2,No,,,,
fctPatientInsurance,PriPlanCity,Yes,MASK,PriPlanCity,,
fctPatientInsurance,PriPlanState,No,,,,
fctPatientInsurance,PriPlanZip,No,,,,
fctPatientInsurance,PriCityStateZip,Yes,MASK,PriCityStateZip,,
fctPatientInsurance,PriPlanBillingPhone,Yes,MASK,PriPlanBillingPhone,,
fctPatientInsurance,PriPlanEligibilityPhone,Yes,MASK,PriPlanEligibilityPhone,,
fctPatientInsurance,PriPlanAuthorizationPhone,Yes,MASK,PriPlanAuthorizationPhone,,
fctPatientInsurance,PriInsuranceType,Yes,MASK,PriInsuranceType,,
fctPatientInsurance,SecCompanyID,Yes,MASK,SecCompanyID,,
fctPatientInsurance,SecCompany,Yes,MASK,SecCompany,,
fctPatientInsurance,SecPlanID,Yes,MASK,SecPlanID,,
fctPatientInsurance,SecPlan,Yes,MASK,SecPlan,,
fctPatientInsurance,SecGroupNumber,Yes,MASK,SecGroupNumber,,
fctPatientInsurance,SecPolicyNumber,Yes,MASK,SecPolicyNumber,,
fctPatientInsurance,SecInsured,Yes,MASK,SecInsured,,
fctPatientInsurance,SecInsuredRel,No,,,,
fctPatientInsurance,SecPlanAddr1,Yes,MASK,SecPlanAddr1,,
fctPatientInsurance,SecPlanAddr2,Yes,MASK,SecPlanAddr2,,
fctPatientInsurance,SecPlanCity,Yes,MASK,SecPlanCity,,
fctPatientInsurance,SecPlanState,No,,,,
fctPatientInsurance,SecPlanZip,No,,,,
fctPatientInsurance,SecCityStateZip,Yes,MASK,SecCityStateZip,,
fctPatientInsurance,SecPlanBillingPhone,Yes,MASK,SecPlanBillingPhone,,
fctPatientInsurance,SecPlanEligibilityPhone,Yes,MASK,SecPlanEligibilityPhone,,
fctPatientInsurance,SecPlanAuthorizationPhone,Yes,MASK,SecPlanAuthorizationPhone,,
fctPatientInsurance,SecInsuranceType,Yes,MASK,SecInsuranceType,,
fctPatientInsurance,FinRespOtherID,Yes,MASK,FinRespOtherID,,
fctPatientInsurance,FinRespPatientID,Yes,PATIENT_ID,,,
fctPatientInsurance,FinRespName,Yes,MASK,FinRespName,,
fctPatientInsurance,FinRespFirstName,Yes,MASK,FinRespFirstName,,
fctPatientInsurance,FinRespLastName,Yes,MASK,FinRespLastName,,
fctPatientInsurance,FinRespMiddleName,Yes,MASK,FinRespMiddleName,,
fctPatientInsurance,FinRespAddr1,Yes,MASK,FinRespAddr1,,
fctPatientInsurance,FinRespAddr2,Yes,MASK,FinRespAddr2,,
fctPatientInsurance,FinRespCity,Yes,MASK,FinRespCity,,
fctPatientInsurance,FinRespState,No,,,,
fctPatientInsurance,FinRespZip,No,,,,
fctPatientInsurance,FinRespDOB,Yes,PATIENT_DOB,,,
fctPatientInsurance,FinRespPhone,Yes,MASK,FinRespPhone,,
fctPatientInsurance,FinRespPrimaryWorkPhone,Yes,MASK,FinRespPrimaryWorkPhone,,
fctPatientInsurance,FinRespCell,Yes,MASK,FinRespCell,,
fctPatientInsurance,FinRespFax,No,,,,
fctPatientInsurance,FinRespHomePhone,Yes,MASK,FinRespHomePhone,,
fctPatientInsurance,FinRespPager,No,,,,
fctPatientInsurance,FinRespEmail1,Yes,MASK,FinRespEmail1,,
fctPatientInsurance,FinRespSSN,Yes,MASK,FinRespSSN,,
fctPatientInsurance,FinRespRelation,Yes,MASK,FinRespRelation,,
fctPatientInsurance,FinRespEmployer,Yes,MASK,FinRespEmployer,,
fctPatientInsurance,PatientStatusID,No,,,,
fctPatientInsurance,PatientStatusEffectiveDateTime,Yes,DATE_OFFSET,,,
fctPatientInsurance,DuplicatePatientID,Yes,PATIENT_ID,,,
fctPatientInsurance,nd_auto_increment_id,No,,,,
Gender,GenderID,No,,,,
Gender,LocalName,Yes,MASK,LocalName,,
Gender,StandardName,Yes,MASK,StandardName,,
Gender,Description,No,,,,
Gender,IsDefaultField,No,,,,
Gender,Enabled,No,,,,
Gender,nd_auto_increment_id,No,,,,
Languages,LanguageID,No,,,,
Languages,LocalName,No,,,,
Languages,StandardName,No,,,,
Languages,Description,No,,,,
Languages,IsDefaultField,No,,,,
Languages,Enabled,No,,,,
MaritalStatus,MaritalStatusID,No,,,,
MaritalStatus,LocalName,No,,,,
MaritalStatus,StandardName,No,,,,
MaritalStatus,Description,No,,,,
MaritalStatus,IsDefaultField,No,,,,
MaritalStatus,Enabled,No,,,,
Patient,PatientID,Yes,PATIENT_ID,,,
Patient,PersonID,Yes,PATIENT_ID,,,
Patient,StudentStatusID,No,,,,
Patient,PrimaryPhysID,No,,,,
Patient,LegalRepID,No,,,,
Patient,SealedFlag,No,,,,
Patient,AltPatientID,No,,,,
Patient,OrgPatientID,No,,,,
Patient,Notes,Yes,NOTES,,,
Patient,PatDeathFlag,No,,,,
Patient,PatDeathTime,Yes,DATE_OFFSET,,,
Patient,PatFinRiskFlag,No,,,,
Patient,PatProofResidFlag,No,,,,
Patient,Enabled,No,,,,
Patient,IsPatient,No,,,,
Patient,AssignmentOfBenefits,No,,,,
Patient,ReleaseOfInformation,Yes,MASK,ReleaseOfInformation,,
Patient,PharmacyID,Yes,MASK,PharmacyID,,
Patient,PharmacyNoteID,No,,,,
Patient,CareProviderID,No,,,,
Patient,SignatureSourceCode,No,,,,
Patient,PreferredPharmacyID,Yes,MASK,PreferredPharmacyID,,
Patient,CurrentInDrFirst,No,,,,
Patient,ShotFrequencyID,No,,,,
Patient,AllergyComment,No,,,,
Patient,ConsentFlag,No,,,,
Patient,ePrescribeConsent,Yes,MASK,ePrescribeConsent,,
Patient,PreferredSvcLoc,Yes,MASK,PreferredSvcLoc,,
Patient,PatientStatusID,No,,,,
Patient,PatientStatusEffectiveDateTime,Yes,DATE_OFFSET,,,
Patient,DuplicatePatientID,Yes,PATIENT_ID,,,
Patient,CauseOfDeath,No,,,,
Person,PersonID,Yes,PATIENT_ID,,,
Person,PrefixID,No,,,,
Person,FirstName,Yes,MASK,FirstName,,
Person,MiddleName1,Yes,MASK,MiddleName1,,
Person,MiddleName2,No,,,,
Person,LastName,Yes,MASK,LastName,,
Person,NickName,No,,,,
Person,MaidenName,Yes,MASK,MaidenName,,
Person,SuffixID,No,,,,
Person,SSN,Yes,MASK,SSN,,
Person,DateOfBirth,Yes,PATIENT_DOB,,,
Person,BirthPlace,Yes,MASK,BirthPlace,,
Person,GenderID,No,,,,
Person,MaritalStatusID,No,,,,
Person,MothersMaidenName,Yes,MASK,MothersMaidenName,,
Person,DriverLicNum,Yes,MASK,DriverLicNum,,
Person,DriverLicState,No,,,,
Person,PrimaryLanguageID,No,,,,
Person,SecondaryLanguageID,No,,,,
Person,RaceID,No,,,,
Person,AffiliationID,No,,,,
Person,ReligionID,Yes,MASK,ReligionID,,
Person,CitizenshipID,Yes,MASK,CitizenshipID,,
Person,Pager,Yes,MASK,Pager,,
Person,CellPhone1,Yes,MASK,CellPhone1,,
Person,CellPhone2,Yes,MASK,CellPhone2,,
Person,EMail1,Yes,MASK,EMail1,,
Person,EMail2,Yes,MASK,EMail2,,
Person,PhotoPath,Yes,MASK,PhotoPath,,
Person,ResidentialAddressID,No,,,,
Person,Enabled,No,,,,
Person,Occupation,No,,,,
Person,BillingAddressID,No,,,,
Person,BillingAddEffDtm,Yes,DATE_OFFSET,,,
Person,PrimaryPhone,Yes,MASK,PrimaryPhone,,
Person,PrimaryWorkPhone,Yes,MASK,PrimaryWorkPhone,,
Person,EthnicityID,No,,,,
Person,PreferredCommunicationsID,No,,,,
Person,TimeOfBirth,No,,,,
Person,BirthplaceStateID,No,,,,
Person,PublicityCodeID,No,,,,
Person,SexualOrientationID,Yes,MASK,SexualOrientationID,,
Person,SexualOrientationOther,Yes,MASK,SexualOrientationOther,,
Person,GenderIdentityID,No,,,,
Person,GenderIdentityOther,No,,,,
Person,BirthSexID,Yes,MASK,BirthSexID,,
Person,CreatedUserID,No,,,,
Person,DateOfCreation,Yes,DATE_OFFSET,,,
Person,LastModifiedBy,No,,,,
Person,LastModifiedDateTime,Yes,DATE_OFFSET,,,
PlaceOfService,POSCode,No,,,,
PlaceOfService,POSDesc,No,,,,
PlaceOfService,PlaceOfServiceTypeID,No,,,,
Race,RaceID,No,,,,
Race,LocalName,No,,,,
Race,StandardName,No,,,,
Race,Description,No,,,,
Race,IsDefaultField,No,,,,
Race,Enabled,No,,,,
Race,MURaceID,No,,,,
Race,nd_auto_increment_id,No,,,,
ServiceGroup,ServiceGroupID,No,,,,
ServiceGroup,PatientID,Yes,PATIENT_ID,,,
ServiceGroup,VisitID,Yes,ENCOUNTER_ID,,,
ServiceGroup,CareProviderID,Yes,MASK,CareProviderID,,
ServiceGroup,LocationID,No,,,,
ServiceGroup,ReferringProvID,No,,,,
ServiceGroup,AccidentStateID,No,,,,
ServiceGroup,AccidentTypeID,No,,,,
ServiceGroup,RenderingProviderID,Yes,MASK,RenderingProviderID,,
ServiceGroup,RenderingOverride,No,,,,
ServiceGroup,Pregnancy,No,,,,
ServiceGroup,SpecialProgramCode,No,,,,
ServiceGroup,ServiceAuthorizationExceptionCode,No,,,,
ServiceGroup,LastSeen,No,,,,
ServiceGroup,LastMenstrualPeriod,Yes,DATE_OFFSET,,,
ServiceGroup,HearingAndVisionPrescription,No,,,,
ServiceGroup,AuthorizedReturnToWork,No,,,,
ServiceGroup,SimilarIllness,No,,,,
ServiceGroup,RelinquishedCare,No,,,,
ServiceGroup,HospitalFrom,Yes,DATE_OFFSET,,,
ServiceGroup,HospitalTo,Yes,DATE_OFFSET,,,
ServiceGroup,DisabilityFrom,Yes,DATE_OFFSET,,,
ServiceGroup,DisabilityTo,No,,,,
ServiceGroup,AccidentDate,Yes,DATE_OFFSET,,,
ServiceGroup,EDC,No,,,,
ServiceGroup,LastWorked,No,,,,
ServiceGroup,AssumedCare,No,,,,
ServiceGroup,OrderDate,Yes,DATE_OFFSET,,,
ServiceGroup,AccidentTime,No,,,,
ServiceGroup,CPOLocationID,No,,,,
ServiceGroup,EPSDTReferralCode,No,,,,
ServiceGroup,SupervisingProviderID,No,,,,
ServiceGroup,ClaimComment,No,,,,
ServiceGroup,InitialTxDate,Yes,DATE_OFFSET,,,
ServiceGroup,FileInformation,No,,,,
ServiceGroup,PropertyCasualtyClaimNumber,No,,,,
ServiceGroup,NonPrimaryRenderingID,No,,,,
ServiceGroup,PracticeLocationID,Yes,MASK,PracticeLocationID,,
ServiceGroup,ClaimFrequencyCode,No,,,,
ServiceGroup,DemonstrationProjectID,No,,,,
ServiceGroup,InvestigationalDeviceExemption,No,,,,
ServiceGroup,nd_auto_increment_id,No,,,,
Visit,VisitID,Yes,ENCOUNTER_ID,,,
Visit,PatientID,Yes,PATIENT_ID,,,
Visit,PatientArrivalFlag,No,,,,
Visit,PatArrDateTime,Yes,DATE_OFFSET,,,
Visit,VisitTypeID,No,,,,
Visit,CareProviderID,No,,,,
Visit,ReferringProviderID,No,,,,
Visit,BillableCareProviderID,Yes,MASK,BillableCareProviderID,,
Visit,PrimaryCareProviderID,No,,,,
Visit,LastChangeUserID,No,,,,
Visit,CreateUserID,No,,,,
Visit,CreateDate,Yes,DATE_OFFSET,,,
Visit,ServiceLocationID,No,,,,
Visit,PracticeLocationID,No,,,,
Visit,FromDateTime,Yes,DATE_OFFSET,,,
Visit,ThroughDateTime,Yes,DATE_OFFSET,,,
Visit,ChargeTicketID,No,,,,
Visit,PrimaryComplaint,Yes,NOTES,,,
Visit,VisitStatus,No,,,,
Visit,AccidentFlag,No,,,,
Visit,AccidentState,No,,,,
Visit,AccidentTypeID,No,,,,
Visit,DisabilityFromDate,No,,,,
Visit,DisabilityToDate,No,,,,
Visit,HospitalAdmitDateTime,Yes,DATE_OFFSET,,,
Visit,HospitalDischargeDateTime,Yes,DATE_OFFSET,,,
Visit,FinanciallyResponsiblePartyID,Yes,PATIENT_ID,,,
Visit,SimilarIllnessDate,Yes,DATE_OFFSET,,,
Visit,SymptomDate,Yes,DATE_OFFSET,,,
Visit,Comments,Yes,NOTES,,,
Visit,SuperbillID,No,,,,
Visit,PostOpFlag,No,,,,
Visit,ConfidentialityLevel,No,,,,
Visit,LastModifiedDateTime,Yes,DATE_OFFSET,,,
