SCHEMA_NAME,TABLE_NAME,COLUMN_NAME
Primerecord_oct,Address,AddressID
Primerecord_oct,Address,AddressLine1
Primerecord_oct,Address,AddressLine2
Primerecord_oct,Address,City
Primerecord_oct,Address,Country
Primerecord_oct,Address,County
Primerecord_oct,Address,FaxNumber
Primerecord_oct,Address,nd_auto_increment_id
Primerecord_oct,Address,PhoneNum1
Primerecord_oct,Address,PhoneNum2
Primerecord_oct,Address,PostalCode
Primerecord_oct,Address,State
Primerecord_oct,ClinicalMedStatus,nd_auto_increment_id
Primerecord_oct,ClinicalMedStatus,StatusDescription
Primerecord_oct,ClinicalMedStatus,StatusID
Primerecord_oct,ClinicalPatMedsFillStatus,ClinicalPatMedID
Primerecord_oct,ClinicalPatMedsFillStatus,nd_auto_increment_id
Primerecord_oct,ClinicalPatMedsFillStatus,PotencyUnitCode
Primerecord_oct,ClinicalPatMedsFillStatus,QuantityDispensed
Primerecord_oct,ClinicalPatMedsFillStatus,RxFillStatusID
Primerecord_oct,ClinicalPatMedsFillStatus,RxFillStatusReasonID
Primerecord_oct,ClinicalPatMedsFillStatus,RxFillStatusReasonText
Primerecord_oct,ClinicalPatMedsFillStatus,StatusDate
Primerecord_oct,Codingsystem,CodingSystemId
Primerecord_oct,Codingsystem,Description
Primerecord_oct,Codingsystem,DisplayName
Primerecord_oct,Codingsystem,OID
Primerecord_oct,Concept,ConceptID
Primerecord_oct,Concept,CreateDate
Primerecord_oct,Concept,CreatedBy
Primerecord_oct,Concept,Enabled
Primerecord_oct,Concept,LastChangedBy
Primerecord_oct,Concept,LastChangedDate
Primerecord_oct,Concept,LongName
Primerecord_oct,Concept,SystemConcept
Primerecord_oct,ConceptHistory,ConceptHistoryID
Primerecord_oct,ConceptHistory,ConceptID
Primerecord_oct,ConceptHistory,CreateDate
Primerecord_oct,ConceptHistory,CreatedBy
Primerecord_oct,ConceptHistory,Enabled
Primerecord_oct,ConceptHistory,HistoryAction
Primerecord_oct,ConceptHistory,HistoryDate
Primerecord_oct,ConceptHistory,HistoryUserID
Primerecord_oct,ConceptHistory,LastChangedBy
Primerecord_oct,ConceptHistory,LastChangedDate
Primerecord_oct,ConceptHistory,LongName
Primerecord_oct,ConceptHistory,SystemConcept
Primerecord_oct,DataSourceFacility,CustomReportTemplateID
Primerecord_oct,DataSourceFacility,DataSourceFacilityID
Primerecord_oct,DataSourceFacility,DataSourceId
Primerecord_oct,DataSourceFacility,DisplayName
Primerecord_oct,DataSourceFacility,Enabled
Primerecord_oct,DataSourceFacility,FacilityName
Primerecord_oct,DataSourceFacility,nd_auto_increment_id
Primerecord_oct,DataSourceFacility,OrderCodeValidation
Primerecord_oct,Gender,Description
Primerecord_oct,Gender,Enabled
Primerecord_oct,Gender,GenderID
Primerecord_oct,Gender,IsDefaultField
Primerecord_oct,Gender,LocalName
Primerecord_oct,Gender,nd_auto_increment_id
Primerecord_oct,Gender,StandardName
Primerecord_oct,GenderCodingSystem,Code
Primerecord_oct,GenderCodingSystem,CodeDisplayName
Primerecord_oct,GenderCodingSystem,CodingSystemId
Primerecord_oct,GenderCodingSystem,GenderID
Primerecord_oct,GenderCodingSystem,nd_auto_increment_id
Primerecord_oct,GenderIdentity,GenderIdentityDesc
Primerecord_oct,GenderIdentity,GenderIdentityID
Primerecord_oct,GenderIdentity,IsEnabled
Primerecord_oct,GenderIdentity,nd_auto_increment_id
Primerecord_oct,GenderIdentityCodingSystem,CodeID
Primerecord_oct,GenderIdentityCodingSystem,CodingSystemID
Primerecord_oct,GenderIdentityCodingSystem,GenderIdentityID
Primerecord_oct,GenderIdentityCodingSystem,nd_auto_increment_id
Primerecord_oct,Insurance,InsuranceID
Primerecord_oct,Insurance,InsuranceName
Primerecord_oct,Insurance,InsuranceShortName
Primerecord_oct,Insurance,nd_auto_increment_id
Primerecord_oct,Insurance,SuppressCHCCode
Primerecord_oct,InsurancePlan,AcceptsAssignment
Primerecord_oct,InsurancePlan,AddressLine1
Primerecord_oct,InsurancePlan,AddressLine2
Primerecord_oct,InsurancePlan,AllowedCalculationMethod
Primerecord_oct,InsurancePlan,City
Primerecord_oct,InsurancePlan,ClaimLevelPaymentInfo
Primerecord_oct,InsurancePlan,ClaimPayorID
Primerecord_oct,InsurancePlan,COBANumber
Primerecord_oct,InsurancePlan,Comments
Primerecord_oct,InsurancePlan,CompCrossOver
Primerecord_oct,InsurancePlan,Contact1
Primerecord_oct,InsurancePlan,Contact2
Primerecord_oct,InsurancePlan,ContractID
Primerecord_oct,InsurancePlan,CourtesyFiling
Primerecord_oct,InsurancePlan,CurrDateTime
Primerecord_oct,InsurancePlan,CurrUserID
Primerecord_oct,InsurancePlan,CustomizedProcedures
Primerecord_oct,InsurancePlan,DaysBeforeFollowUp
Primerecord_oct,InsurancePlan,DefaultLabAccountID
Primerecord_oct,InsurancePlan,DiagnosisCodeEffectiveDate
Primerecord_oct,InsurancePlan,DiagnosisCodingSystemID
Primerecord_oct,InsurancePlan,DMERCFilingPlan
Primerecord_oct,InsurancePlan,DMERCPlan
Primerecord_oct,InsurancePlan,EffectiveFrom
Primerecord_oct,InsurancePlan,EffectiveTo
Primerecord_oct,InsurancePlan,ElectronicTOSFlag
Primerecord_oct,InsurancePlan,EligibilityFilingPlanID
Primerecord_oct,InsurancePlan,EligibilityIdentificationNumber
Primerecord_oct,InsurancePlan,EligibilityIdentificationType
Primerecord_oct,InsurancePlan,EligibilityURL
Primerecord_oct,InsurancePlan,EligibilityURLSource
Primerecord_oct,InsurancePlan,EMMethodologyID
Primerecord_oct,InsurancePlan,ERAProfileID
Primerecord_oct,InsurancePlan,ESecondaryFilingFlag
Primerecord_oct,InsurancePlan,ExcludeAutoClaim
Primerecord_oct,InsurancePlan,ExcludeFromStatementGeneration
Primerecord_oct,InsurancePlan,FilingFormatID
Primerecord_oct,InsurancePlan,IgnoreBenefits
Primerecord_oct,InsurancePlan,IgnoreEligibilityDays
Primerecord_oct,InsurancePlan,IncludeUnmappedDiagsOnClaim
Primerecord_oct,InsurancePlan,InsBrandRxCoPay
Primerecord_oct,InsurancePlan,InsDeductible
Primerecord_oct,InsurancePlan,InsDocVisitCoPay
Primerecord_oct,InsurancePlan,InsERVisitCoPay
Primerecord_oct,InsurancePlan,InsGenRxCoPay
Primerecord_oct,InsurancePlan,InsPlanPercentResp
Primerecord_oct,InsurancePlan,InsPsychCoPay
Primerecord_oct,InsurancePlan,InsuranceID
Primerecord_oct,InsurancePlan,InsurancePlanClassID
Primerecord_oct,InsurancePlan,InsuranceTypeID
Primerecord_oct,InsurancePlan,InsuranceTypologyID
Primerecord_oct,InsurancePlan,LabAccountTypeID
Primerecord_oct,InsurancePlan,LegacyInsCode
Primerecord_oct,InsurancePlan,MedigapNumber
Primerecord_oct,InsurancePlan,MedigapSupplementalCoverage
Primerecord_oct,InsurancePlan,NAIC
Primerecord_oct,InsurancePlan,nd_auto_increment_id
Primerecord_oct,InsurancePlan,NonPrimaryPaperFilingPlanID
Primerecord_oct,InsurancePlan,NPIFLag
Primerecord_oct,InsurancePlan,PaperFilingPlanID
Primerecord_oct,InsurancePlan,PayerSecondaryIDType
Primerecord_oct,InsurancePlan,PlanAuthorizationPhoneNumber
Primerecord_oct,InsurancePlan,PlanBillingPhoneNumber
Primerecord_oct,InsurancePlan,PlanContractCode
Primerecord_oct,InsurancePlan,PlanContractQualifier
Primerecord_oct,InsurancePlan,PlanEligibilityPhoneNumber
Primerecord_oct,InsurancePlan,PlanEmailAddress
Primerecord_oct,InsurancePlan,PlanFaxNumber
Primerecord_oct,InsurancePlan,PlanID
Primerecord_oct,InsurancePlan,PlanInternetAddress
Primerecord_oct,InsurancePlan,PlanName
Primerecord_oct,InsurancePlan,PlanNumber
Primerecord_oct,InsurancePlan,PlanProviderID
Primerecord_oct,InsurancePlan,PolicyNumberValidationRequired
Primerecord_oct,InsurancePlan,PostalCode
Primerecord_oct,InsurancePlan,PPOHMOIndicatorID
Primerecord_oct,InsurancePlan,PRCID
Primerecord_oct,InsurancePlan,PrimaryContractCode
Primerecord_oct,InsurancePlan,PrimaryContractQualifier
Primerecord_oct,InsurancePlan,PrintPlanLocInfo
Primerecord_oct,InsurancePlan,QualityReportingID
Primerecord_oct,InsurancePlan,ReferralRequired
Primerecord_oct,InsurancePlan,ReferringProviderTypeID
Primerecord_oct,InsurancePlan,RHCFlag
Primerecord_oct,InsurancePlan,RoomRate
Primerecord_oct,InsurancePlan,RxCarrierNumber
Primerecord_oct,InsurancePlan,RxGroupNumber
Primerecord_oct,InsurancePlan,SSNPrefill
Primerecord_oct,InsurancePlan,State
Primerecord_oct,InsurancePlan,SuppressCN1Segment
Primerecord_oct,InsurancePlan,SuppressTaxID
Primerecord_oct,InsurancePlan,TimelyFilingDays
Primerecord_oct,InsurancePlan,UBAddressLine1
Primerecord_oct,InsurancePlan,UBAddressLine2
Primerecord_oct,InsurancePlan,UBBillingPhone
Primerecord_oct,InsurancePlan,UBCity
Primerecord_oct,InsurancePlan,UBPaperRollupType
Primerecord_oct,InsurancePlan,UBPostalCode
Primerecord_oct,InsurancePlan,UBRollupType
Primerecord_oct,InsurancePlan,UBSecondaryPayerID
Primerecord_oct,InsurancePlan,UBSecondaryPayerIDType
Primerecord_oct,InsurancePlan,UBState
Primerecord_oct,InsurancePlan,UseGrpTaxonomyFlag
Primerecord_oct,InsurancePlan,UsePerfRefRule
Primerecord_oct,InsurancePlan,UseServiceRenderingFlag
Primerecord_oct,InsurancePlan,UseUBCodes
Primerecord_oct,InsurancePlan,WriteOffWhenChargePosted
Primerecord_oct,InsurancePlanClass,CurrDateTime
Primerecord_oct,InsurancePlanClass,CurrUserID
Primerecord_oct,InsurancePlanClass,InsurancePlanClassDesc
Primerecord_oct,InsurancePlanClass,InsurancePlanClassID
Primerecord_oct,InsurancePlanClass,InsurancePlanClassShortDesc
Primerecord_oct,InsurancePlanClass,nd_auto_increment_id
Primerecord_oct,InsuranceProviders,CarrierCode
Primerecord_oct,InsuranceProviders,ClaimPayorID
Primerecord_oct,InsuranceProviders,ContractID
Primerecord_oct,InsuranceProviders,CourtesyFiling
Primerecord_oct,InsuranceProviders,DaysBeforeFollowUp
Primerecord_oct,InsuranceProviders,DefaultEligibilityServiceType
Primerecord_oct,InsuranceProviders,DiagnosisCodeEffectiveDate
Primerecord_oct,InsuranceProviders,DiagnosisCodingSystemID
Primerecord_oct,InsuranceProviders,ElectronicPayerIDNumber
Primerecord_oct,InsuranceProviders,ElectronicPayerPrefix
Primerecord_oct,InsuranceProviders,ElectronicTOSFlag
Primerecord_oct,InsuranceProviders,EligibilityFilingPlanID
Primerecord_oct,InsuranceProviders,EligibilityIdentificationNumber
Primerecord_oct,InsuranceProviders,EligibilityIdentificationType
Primerecord_oct,InsuranceProviders,EligibilityPracticeNPI
Primerecord_oct,InsuranceProviders,EligibilityProviderFName
Primerecord_oct,InsuranceProviders,EligibilityProviderIDIsNPI
Primerecord_oct,InsuranceProviders,EligibilityProviderIDNumber
Primerecord_oct,InsuranceProviders,EligibilityProviderLName
Primerecord_oct,InsuranceProviders,EligibilityProviderMName
Primerecord_oct,InsuranceProviders,EligibilityProviderSuffix
Primerecord_oct,InsuranceProviders,EligibilityReceiverType
Primerecord_oct,InsuranceProviders,EligibilitySecondaryIDNumber
Primerecord_oct,InsuranceProviders,EligibilitySecondaryIDType
Primerecord_oct,InsuranceProviders,EligibilityURL
Primerecord_oct,InsuranceProviders,EligibilityURLSource
Primerecord_oct,InsuranceProviders,ERAProfileID
Primerecord_oct,InsuranceProviders,ESecondaryFilingFlag
Primerecord_oct,InsuranceProviders,ExcludeAutoClaim
Primerecord_oct,InsuranceProviders,FilingFormatID
Primerecord_oct,InsuranceProviders,IgnoreEligibilityDays
Primerecord_oct,InsuranceProviders,IncludeUnmappedDiagsOnClaim
Primerecord_oct,InsuranceProviders,InsPlanPercentResp
Primerecord_oct,InsuranceProviders,InsuranceClassID
Primerecord_oct,InsuranceProviders,InsuranceID
Primerecord_oct,InsuranceProviders,InsuranceProviderID
Primerecord_oct,InsuranceProviders,InsuranceTypeID
Primerecord_oct,InsuranceProviders,LabAccountTypeID
Primerecord_oct,InsuranceProviders,NAIC
Primerecord_oct,InsuranceProviders,nd_auto_increment_id
Primerecord_oct,InsuranceProviders,NonPrimaryPaperFilingPlanID
Primerecord_oct,InsuranceProviders,NPIFlag
Primerecord_oct,InsuranceProviders,PaperFilingPlanID
Primerecord_oct,InsuranceProviders,PayerSecondaryIDType
Primerecord_oct,InsuranceProviders,ProviderIDSuffixIndicator
Primerecord_oct,InsuranceProviders,ProviderName
Primerecord_oct,InsuranceProviders,QualityReportingID
Primerecord_oct,InsuranceProviders,ReferralRequired
Primerecord_oct,InsuranceProviders,SendPrimaryCarrierCode
Primerecord_oct,InsuranceProviders,TimelyFilingDays
Primerecord_oct,InsuranceProviders,UBClaimPayorID
Primerecord_oct,InsuranceProviders,UseGrpTaxonomyFlag
Primerecord_oct,InsuranceProviders,UsePerfRefRule
Primerecord_oct,Lab,Address
Primerecord_oct,Lab,City
Primerecord_oct,Lab,ContainsAbnormal
Primerecord_oct,Lab,CreateDate
Primerecord_oct,Lab,Director
Primerecord_oct,Lab,DisplayType
Primerecord_oct,Lab,DocType
Primerecord_oct,Lab,LabCompanyClientID
Primerecord_oct,Lab,LabCompanyName
Primerecord_oct,Lab,LabFacilityName
Primerecord_oct,Lab,LabGUID
Primerecord_oct,Lab,LabID
Primerecord_oct,Lab,Phone
Primerecord_oct,Lab,SendingFacilityID
Primerecord_oct,Lab,State
Primerecord_oct,Lab,SubDocType
Primerecord_oct,Lab,ZipCode
Primerecord_oct,LabNote,CreateDate
Primerecord_oct,LabNote,LabID
Primerecord_oct,LabNote,LabNoteID
Primerecord_oct,LabNoteDetail,LabNoteID
Primerecord_oct,LabNoteDetail,Note
Primerecord_oct,LabNoteDetail,SeqNo
Primerecord_oct,LabOrder,Degree
Primerecord_oct,LabOrder,FirstName
Primerecord_oct,LabOrder,FullName
Primerecord_oct,LabOrder,GMTOrderNo
Primerecord_oct,LabOrder,LabID
Primerecord_oct,LabOrder,LabOrderID
Primerecord_oct,LabOrder,LabOrderNo
Primerecord_oct,LabOrder,LastName
Primerecord_oct,LabOrder,MiddleName
Primerecord_oct,LabOrder,OrderStatus
Primerecord_oct,LabOrder,Prefix
Primerecord_oct,LabOrder,ProviderNo
Primerecord_oct,LabOrder,Suffix
Primerecord_oct,LabPanel,DateRecieved
Primerecord_oct,LabPanel,DateReported
Primerecord_oct,LabPanel,DateTaken
Primerecord_oct,LabPanel,LabGenerated
Primerecord_oct,LabPanel,LabOrderID
Primerecord_oct,LabPanel,LabPanelID
Primerecord_oct,LabPanel,PanelDescription
Primerecord_oct,LabPanel,PanelNO
Primerecord_oct,LabPanel,ParentPanelNO
Primerecord_oct,LabPanel,ReportStatus
Primerecord_oct,LabPanel,SpecimenNumber
Primerecord_oct,LabPanel,SpecimenSource
Primerecord_oct,LabPatient,DOB
Primerecord_oct,LabPatient,FirstName
Primerecord_oct,LabPatient,FullName
Primerecord_oct,LabPatient,Gender
Primerecord_oct,LabPatient,GMTPatientNo
Primerecord_oct,LabPatient,LabGUID
Primerecord_oct,LabPatient,LabID
Primerecord_oct,LabPatient,LabNo
Primerecord_oct,LabPatient,LabPatientID
Primerecord_oct,LabPatient,LastName
Primerecord_oct,LabPatient,MiddleName
Primerecord_oct,LabPatient,MothersMaidenName
Primerecord_oct,LabPatient,PatientLabNO
Primerecord_oct,LabPatient,Phone
Primerecord_oct,LabPatient,SSN
Primerecord_oct,LabPatient,Suffix
Primerecord_oct,LabPatientLabNote,LabNoteID
Primerecord_oct,LabPatientLabNote,LabPatientID
Primerecord_oct,LabTestResult,CodingSystem
Primerecord_oct,LabTestResult,LabID
Primerecord_oct,LabTestResult,LabPanelID
Primerecord_oct,LabTestResult,LabSubPanelID
Primerecord_oct,LabTestResult,LabTestResultID
Primerecord_oct,LabTestResult,ProducerNo
Primerecord_oct,LabTestResult,ReferenceRange
Primerecord_oct,LabTestResult,ResultDate
Primerecord_oct,LabTestResult,ResultNo
Primerecord_oct,LabTestResult,ResultStatus
Primerecord_oct,LabTestResult,ResultUnits
Primerecord_oct,LabTestResult,ResultValue
Primerecord_oct,LabTestResult,ResultValueType
Primerecord_oct,LabTestResult,TestDescription
Primerecord_oct,LabTestResultFlag,Flag
Primerecord_oct,LabTestResultFlag,LabTestResultFlagID
Primerecord_oct,LabTestResultFlag,LabTestResultID
Primerecord_oct,LabTestResultLabNote,LabNoteID
Primerecord_oct,LabTestResultLabNote,LabTestResultID
Primerecord_oct,NoteType,nd_auto_increment_id
Primerecord_oct,NoteType,NoteType
Primerecord_oct,NoteType,NoteTypeID
Primerecord_oct,OBROBX,OBRID
Primerecord_oct,OBROBX,OBXId
Primerecord_oct,OBXChangeReason,ChangeID
Primerecord_oct,OBXChangeReason,ChangeReason
Primerecord_oct,OBXNote,NoteText
Primerecord_oct,OBXNote,OBXId
Primerecord_oct,OBXNote,OBXNoteDate
Primerecord_oct,OBXNote,OBXNoteguid
Primerecord_oct,OBXNote,OBXNoteID
Primerecord_oct,OBXNote,UserID
Primerecord_oct,OrdAdmin,BillableDefault
Primerecord_oct,OrdAdmin,CreateDate
Primerecord_oct,OrdAdmin,CreatedBy
Primerecord_oct,OrdAdmin,DefaultOrderStatus
Primerecord_oct,OrdAdmin,Enabled
Primerecord_oct,OrdAdmin,HoldResults
Primerecord_oct,OrdAdmin,InOfficeDefault
Primerecord_oct,OrdAdmin,LastChangedBy
Primerecord_oct,OrdAdmin,LastChangedDate
Primerecord_oct,OrdAdmin,nd_auto_increment_id
Primerecord_oct,OrdAdmin,OrdConceptID
Primerecord_oct,OrdAdmin,ReasonDefault
Primerecord_oct,OrdAdmin,ShortName
Primerecord_oct,OrdAdmin,SpecimenSource
Primerecord_oct,OrdAdminHistory,BillableDefault
Primerecord_oct,OrdAdminHistory,ConceptHistoryID
Primerecord_oct,OrdAdminHistory,CreateDate
Primerecord_oct,OrdAdminHistory,CreatedBy
Primerecord_oct,OrdAdminHistory,DefaultOrderStatus
Primerecord_oct,OrdAdminHistory,Enabled
Primerecord_oct,OrdAdminHistory,HistoryAction
Primerecord_oct,OrdAdminHistory,HistoryDate
Primerecord_oct,OrdAdminHistory,HistoryUserID
Primerecord_oct,OrdAdminHistory,HoldResults
Primerecord_oct,OrdAdminHistory,InOfficeDefault
Primerecord_oct,OrdAdminHistory,LastChangedBy
Primerecord_oct,OrdAdminHistory,LastChangedDate
Primerecord_oct,OrdAdminHistory,nd_auto_increment_id
Primerecord_oct,OrdAdminHistory,OrdConceptID
Primerecord_oct,OrdAdminHistory,ReasonDefault
Primerecord_oct,OrdAdminHistory,ShortName
Primerecord_oct,OrdAdminHistory,SpecimenSource
Primerecord_oct,OrdAdminHistory,VocabQuestionSetID
Primerecord_oct,OrdReq,CreateDate
Primerecord_oct,OrdReq,IncludeSignature
Primerecord_oct,OrdReq,LastChangedBy
Primerecord_oct,OrdReq,LastChangedDate
Primerecord_oct,OrdReq,OrdReqID
Primerecord_oct,OrdReq,VisitID
Primerecord_oct,OrdReqClinicalDocuments,DocumentID
Primerecord_oct,OrdReqClinicalDocuments,OrdReqID
Primerecord_oct,OrdReqClinicalDocuments,SavedFromDoc
Primerecord_oct,OrdReqDiagnosis,CreateDate
Primerecord_oct,OrdReqDiagnosis,DxCode
Primerecord_oct,OrdReqDiagnosis,DxCodeICD10
Primerecord_oct,OrdReqDiagnosis,Enabled
Primerecord_oct,OrdReqDiagnosis,LastChangedBy
Primerecord_oct,OrdReqDiagnosis,LastChangedDate
Primerecord_oct,OrdReqDiagnosis,OrdReqDiagnosisDescription
Primerecord_oct,OrdReqDiagnosis,OrdReqDiagnosisID
Primerecord_oct,OrdReqDiagnosis,OrdReqDiagnosisStatusID
Primerecord_oct,OrdReqDiagnosis,OrdReqID
Primerecord_oct,OrdReqDiagnosis,UserID
Primerecord_oct,OrdReqDiagnosisStatus,Description
Primerecord_oct,OrdReqDiagnosisStatus,OrdReqDiagnosisStatusID
Primerecord_oct,OrdReqOrderOrdReqDiagnosis,DxOrder
Primerecord_oct,OrdReqOrderOrdReqDiagnosis,nd_auto_increment_id
Primerecord_oct,OrdReqOrderOrdReqDiagnosis,OrderID
Primerecord_oct,OrdReqOrderOrdReqDiagnosis,OrdReqDiagnosisID
Primerecord_oct,PatHistCat,DisplayOrder
Primerecord_oct,PatHistCat,Enabled
Primerecord_oct,PatHistCat,nd_auto_increment_id
Primerecord_oct,PatHistCat,PatHistCatDescription
Primerecord_oct,PatHistCat,PatHistCatID
Primerecord_oct,PatHistCat,PatHistSectionID
Primerecord_oct,PatHistCatMaster,Enabled
Primerecord_oct,PatHistCatMaster,nd_auto_increment_id
Primerecord_oct,PatHistCatMaster,PatHistCatDescription
Primerecord_oct,PatHistCatMaster,PatHistCatID
Primerecord_oct,PatHistCatPatHistItem,Enabled
Primerecord_oct,PatHistCatPatHistItem,nd_auto_increment_id
Primerecord_oct,PatHistCatPatHistItem,PatHistCatID
Primerecord_oct,PatHistCatPatHistItem,PatHistCatPatHistItemID
Primerecord_oct,PatHistCatPatHistItem,PatHistItemID
Primerecord_oct,PatHistCatPatHistItemMaster,Enabled
Primerecord_oct,PatHistCatPatHistItemMaster,nd_auto_increment_id
Primerecord_oct,PatHistCatPatHistItemMaster,PatHistCatID
Primerecord_oct,PatHistCatPatHistItemMaster,PatHistItemID
Primerecord_oct,PatHistCatPatHistItemMaster,SpecialtyID
Primerecord_oct,PatHistItem,AltSystem
Primerecord_oct,PatHistItem,AltSystemCode
Primerecord_oct,PatHistItem,nd_auto_increment_id
Primerecord_oct,PatHistItem,PatHistItemDescription
Primerecord_oct,PatHistItem,PatHistItemID
Primerecord_oct,PatHistItemMaster,AltSystem
Primerecord_oct,PatHistItemMaster,AltSystemCode
Primerecord_oct,PatHistItemMaster,nd_auto_increment_id
Primerecord_oct,PatHistItemMaster,PatHistItemDescription
Primerecord_oct,PatHistItemMaster,PatHistItemID
Primerecord_oct,PatHistMedicalModifier,nd_auto_increment_id
Primerecord_oct,PatHistMedicalModifier,PatHistMedicalID
Primerecord_oct,PatHistMedicalModifier,PatHistMedicalModifierID
Primerecord_oct,PatHistMedicalModifier,PatHistModifierID
Primerecord_oct,PatHistModifier,Enabled
Primerecord_oct,PatHistModifier,IsPreModifier
Primerecord_oct,PatHistModifier,ModifierOrder
Primerecord_oct,PatHistModifier,ModifierText
Primerecord_oct,PatHistModifier,nd_auto_increment_id
Primerecord_oct,PatHistModifier,PatHistModifierID
Primerecord_oct,PatHistModifier,SnomedCode
Primerecord_oct,PatHistModifier,Type
Primerecord_oct,PatHistSection,Enabled
Primerecord_oct,PatHistSection,nd_auto_increment_id
Primerecord_oct,PatHistSection,PatHistSectionDescription
Primerecord_oct,PatHistSection,PatHistSectionID
Primerecord_oct,ProcedureMasterInfo,AlternateProcedureCode
Primerecord_oct,ProcedureMasterInfo,CostOfService
Primerecord_oct,ProcedureMasterInfo,CPOFlag
Primerecord_oct,ProcedureMasterInfo,DefaultCOB
Primerecord_oct,ProcedureMasterInfo,DefaultEMG
Primerecord_oct,ProcedureMasterInfo,DefaultEPSDT
Primerecord_oct,ProcedureMasterInfo,DefaultModalityID
Primerecord_oct,ProcedureMasterInfo,DefaultUnits
Primerecord_oct,ProcedureMasterInfo,DMEProcedure
Primerecord_oct,ProcedureMasterInfo,DrugPrice
Primerecord_oct,ProcedureMasterInfo,DrugUnit
Primerecord_oct,ProcedureMasterInfo,EffectiveDate
Primerecord_oct,ProcedureMasterInfo,EMCBillable
Primerecord_oct,ProcedureMasterInfo,ExcludedProcedure
Primerecord_oct,ProcedureMasterInfo,ExpirationDate
Primerecord_oct,ProcedureMasterInfo,GlobalPeriod
Primerecord_oct,ProcedureMasterInfo,GLProfessionalSplitPercentage
Primerecord_oct,ProcedureMasterInfo,LocationID
Primerecord_oct,ProcedureMasterInfo,nd_auto_increment_id
Primerecord_oct,ProcedureMasterInfo,NDCMfgCode
Primerecord_oct,ProcedureMasterInfo,NDCPkgCode
Primerecord_oct,ProcedureMasterInfo,NDCProdCode
Primerecord_oct,ProcedureMasterInfo,PlaceOfService
Primerecord_oct,ProcedureMasterInfo,ProcedureCharge
Primerecord_oct,ProcedureMasterInfo,ProcedureCode
Primerecord_oct,ProcedureMasterInfo,ProcedureMasterID
Primerecord_oct,ProcedureMasterInfo,RequireCertification
Primerecord_oct,ProcedureMasterInfo,RevenueCategoryID
Primerecord_oct,ProcedureMasterInfo,RevenueCode
Primerecord_oct,ProcedureMasterInfo,RHCFlag
Primerecord_oct,ProcedureMasterInfo,RVUValue
Primerecord_oct,ProcedureMasterInfo,ServiceTime
Primerecord_oct,ProcedureMasterInfo,Sex
Primerecord_oct,ProcedureMasterInfo,StandardDescription
Primerecord_oct,ProcedureMasterInfo,TypeOfService
Primerecord_oct,ProcedureMasterInfo,UBCode
Primerecord_oct,ProcedureMasterInfo,UnitType
Primerecord_oct,ProcedureMasterInfo,UPINIndicator
Primerecord_oct,Race,Description
Primerecord_oct,Race,Enabled
Primerecord_oct,Race,IsDefaultField
Primerecord_oct,Race,LocalName
Primerecord_oct,Race,MURaceID
Primerecord_oct,Race,nd_auto_increment_id
Primerecord_oct,Race,RaceID
Primerecord_oct,Race,StandardName
Primerecord_oct,RaceCodingSystem,Code
Primerecord_oct,RaceCodingSystem,CodeDisplayName
Primerecord_oct,RaceCodingSystem,CodingSystemId
Primerecord_oct,RaceCodingSystem,nd_auto_increment_id
Primerecord_oct,RaceCodingSystem,RaceID
Primerecord_oct,RaceSub,Created
Primerecord_oct,RaceSub,CreatedByID
Primerecord_oct,RaceSub,Enabled
Primerecord_oct,RaceSub,IsDefaultField
Primerecord_oct,RaceSub,LastModified
Primerecord_oct,RaceSub,LastModifiedByID
Primerecord_oct,RaceSub,ListOrder
Primerecord_oct,RaceSub,nd_auto_increment_id
Primerecord_oct,RaceSub,Note
Primerecord_oct,RaceSub,RaceID
Primerecord_oct,RaceSub,RaceSubCode
Primerecord_oct,RaceSub,RaceSubID
Primerecord_oct,RaceSub,RaceSubName
Primerecord_oct,SBVisitNote,DiagnosisNote
Primerecord_oct,SBVisitNote,nd_auto_increment_id
Primerecord_oct,SBVisitNote,ProcedureNote
Primerecord_oct,SBVisitNote,SBVisitNoteID
Primerecord_oct,SBVisitNote,VisitID
Primerecord_oct,TypeOfService,nd_auto_increment_id
Primerecord_oct,TypeOfService,TOSCode
Primerecord_oct,TypeOfService,TOSDesc
Primerecord_oct,VisitTypes,AutoPrintSuperBill
Primerecord_oct,VisitTypes,Billable
Primerecord_oct,VisitTypes,Clinical
Primerecord_oct,VisitTypes,DefaultLocationID
Primerecord_oct,VisitTypes,DefaultPracticeLocationID
Primerecord_oct,VisitTypes,Description
Primerecord_oct,VisitTypes,Enabled
Primerecord_oct,VisitTypes,EncounterClassID
Primerecord_oct,VisitTypes,ExcludeForMU
Primerecord_oct,VisitTypes,ExcludeFromFacesheet
Primerecord_oct,VisitTypes,IsDefaultField
Primerecord_oct,VisitTypes,LocalName
Primerecord_oct,VisitTypes,nd_auto_increment_id
Primerecord_oct,VisitTypes,OnSite
Primerecord_oct,VisitTypes,RequireReferring
Primerecord_oct,VisitTypes,StandardName
Primerecord_oct,VisitTypes,SuperbillID
Primerecord_oct,VisitTypes,VisitTypeID
