table_name,row_count,column_count
abs_session_timeout_logs,1,9
ACCESSDENIEDLOGS,3,12
accounts_assignedto_history,10,20
activemq_interop_listener_details,1,8
addendum_logs,3,14
addressmanager,1,20
AdjustmentPosting,3,17
admin_tblcreationlog,1,12
alertdata,14,22
alertdata_status,4,8
allergies,50,19
annualnotes,844,9
appliedtemplateslog,69,10
appntconfemaillogs,378,28
assignedpnenc,1,14
authenticatepwd,1,12
authenticationsecuritylog,32,13
Authenticationuserlogin,50,21
batchfaxing,372,14
batchfaxinglog,34,14
billingdata,427,39
billinglogs,813,19
breakglasswarning,32,10
carePlanRequestLog,12,13
carryforwardlogs,310,10
ccda_code_translation_log,2743,12
cdss_failed_attempts_logs,6,12
CDSS_Logs,25,15
cdss_vitals,5,42
claim_assignedto_history,70,22
claim_assignedTo_historydetail,25,14
claim_cpt_charges_transaction_logs,1,10
claim_cpt_logs,16,15
claim_provider_logs,30,15
claim_transfer_history,8,13
claimLookUpSearchCriteria,17139,10
claims_insurance_logs,8,12
claimscrubconsumers,11,18
claimViewHistory,3995,9
clmpatfeeschlog,1,14
cloud_sync_job_run_info,1,10
coc,2,18
coc_contacts,1,16
commonwellReqLog,218,16
contacts,25,47
cre_events_execution_report,2,15
CRE_Preview_Event,2,24
currentaccountsactionresultcode,6,8
dashboard_sticky_notes,16,8
devicecompatabilitycheckdata,28,12
diagnosis,352,26
dj_ctl_analytics_central_trending_metrics,25,17
dj_ctl_user_psm_alert,1,18
dj_run_analytics_job_detail,4,10
dj_run_log_batch,74,22
dj_run_log_kpi,2,18
dl_cube_kpis_current_ar,40884,16
dl_cube_kpis_facility,257,14
dl_cube_kpis_op_encdata,367304,33
dl_cube_kpis_op_medication,123961,18
dl_cube_kpis_practice,20,11
dl_cube_psms,217,15
dl_cube_psms_provider,2,15
dmportal,11,19
docsRefdata,196,13
document,714,66
documentfolders,1,22
documentlog,1883,13
dw_hcc_elig_pt,3,10
dx_myfavorites,1,8
ebo_loginhistory,84,9
ecri_caret_categories,33,8
ecri_clipboard_logs,34,13
ecri_clipboard_submodules,34,8
ecri_template_cp_logs,140,13
ecri_template_submodules,579,8
ecwaccesslog102025,17093,13
ecwlabhub_spoke_mapping,1,14
ecwprintlogs,6,17
ecwScheduledJobLogs,1,9
ecwschtaskstatus,29,18
edi_insPayments,90,46
edi_inv_adjustments,9,17
edi_inv_claimheader,4,34
edi_inv_claimstatus_log,80,12
edi_inv_cpt,8771,112
edi_inv_diagnosis,5,17
edi_inv_eob,1,26
edi_inv_insurance,56,56
edi_invoice,3998,109
edi_online_requests,772,41
EDI_PAYMENTBATCH,1,22
edi_PaymentDetail,43,35
ehxjobsstatus,4,8
electronichl7content,908,22
electroniclabresults,2914,42
eligibility_processed_calls,2,7
empibatchlog,3,8
empiccrexportlog,62,23
empilabexportlog,43,24
empiptdata,1,22
empiptdatalog,1,22
enc,1212,96
enc_multiappt,285,8
enc_sync,2108,10
enc_utctimes,137,11
enc_visitsubtype_mapping,242,10
encaddendums,3,12
encex,63,11
encLog,1,7
encounterData,4574,70
encounterlog,1102,14
encounters,193,17
encStatusHistory,546,12
engine_practice,2,19
epcs_eprescriptionLogs,8,15
epcs_scriptlog,8,50
epcs_usersactivitylogs,412,15
eptstmts,1,22
evaUserPreferences,1,9
failedLoginAttemptsLogs,15,14
family,128,11
familydata,128,15
familydetail,46,12
familyHxDetails,20,14
faxaulogs,1,14
faxInboxBilling,178,16
faxlogs,1152,61
fhir_user_audit_log,2742,17
filemonitorlogs,3,16
fileScanAuditLogs,55,13
fileTransferAuditLog,16218,14
followup_encounterdata,18,14
hcc_requests,101,14
hl7labdatadetail,11582,26
hl7labnotes,14178,13
hospitalization,72,9
hpi,214,15
icd9_synonyms,72,60
idslistdetail,39,7
idslistkeys,48,10
ihe_document,7994,46
imagingstudies,1,9
inboundinterfacelogs,76,17
InsuranceDetail,85,63
InteractionNotes,10,11
interface_archive_log,31,10
interfacexml,377,12
interop_error_codes,1,9
interop_previsit_request_log,3438,14
interop_pt_transaction_mapping,1732,12
interop_transaction_logs,2006,33
interopBatch,166,14
interopccrcache,64,12
invalidatecache,24,10
isPluginInstalled,7,11
itemkeys,6,17
lab_sync,1386,11
labAssessments,75,9
labattachment_archive,1188,11
labdata,956,76
labdatacc,206,10
labdatadetail,6267,15
labdatadetaillog,9331,13
labdataex,885,41
labitemkeys,34,9
labOrders,12,32
labOrdersDetails,9,13
letterLogs,4,17
log,1109,14
logdruginteraction,17,16
logdruginteraction_htmldata,8,9
logfilter,36,13
logFormularyRequests,26,12
logincheck,1,22
logpatientdemographics,308,16
logpatientdemographicsxml,294,14
logpatientdemographicsxml_mulog,35,20
logpatientlookup,535,11
logpermissionsxml,1,13
logprintschedule,1,8
logprogressnotes,8387,20
logprogressnotesxml,10072,19
logptspecificdataxml,5265,15
macro_keyword_triggerlogs,3,13
maskedPatientMapping,174,15
medicationlogs_addlinfo,28,21
medicationlogsdetail,2104,9
menudescription,81,12
message,7220,35
messenger,55,8
mo_tables_sync,1115,13
mobileportaltablesync,23,17
msgdetail,53,10
msgsyncrefattachftp,18,25
netAccessPNOutbound,258,14
netaccessrecordslog,130,23
nhxapptreferral,18,11
nhxJobs,1,12
nhxP2pRecordStatus,185,20
nhxpatient,18,37
nhxReferral,36,49
nhxTelEnc,18,30
Notes,270,11
oa_enc_fu,17,11
occhealth_document_email,12,10
OldRxDetail,2168,8
oldrxformularydetails,228,15
OldRxMain,528,38
oldrxmain_addlinfo,198,18
oooLogs,1,11
out_of_office_logs,23,11
OutgoingReferralLogs,1,15
patchesfacility,1,16
patcheslist,7,12
patient_insights_log,16,12
patient_language,3,9
patientInfo,54,27
PatientPharmacyList,21,10
patients,1068,143
patients_disability_status,54,9
patients_phone_number,12,15
patientupdatelog,901,21
pcphistory,2,10
pharmacy,5335,33
phoneoremailverifiedlogs,18,17
phrLog,73,15
phyportalaccnt,2,31
physicalExam,1,12
PMOrders,1960,24
pnattachments,31,14
pnoutboundsentlog,257,15
portalaccountlogs,16,10
portaltablesync,16,16
preventive,15,11
printlogs,52,17
prisma_allergy_reaction,254,20
prisma_audit_logs,684,17
prisma_care_team_members,72,36
prisma_ccd_document_section,137469,25
prisma_encounter_details,567,34
prisma_encounters,3972,34
prisma_immunization_details,11,46
prisma_kpi_general_logs,9,12
prisma_kpi_info,7,11
prisma_kpi_meta_data_logs,62,34
prisma_labresult_details,1203,30
prisma_labresult_observation,8473,33
prisma_medication_details,812,46
prisma_nomenclatureMapping_auditlog,1984,14
prisma_patient_data,480,34
prisma_patient_status,742,20
prisma_problem_codes,19,16
prisma_procedure_details,24,29
prisma_providers,650,19
prisma_records,11221,25
prisma_records_xsl,7,9
prisma_socialhistory_details,2999,30
prisma_summary_reports,140,10
prisma_table_sync_logs,12,12
prisma_transaction_table_details,62,37
prisma_user_patient_mapping,877,12
prisma_vital_batch,475,17
prisma_vital_values,2211,37
prizmaglobalproperties,1,8
problemList,98,31
problemlist_ext,39,10
problemListLog,187,20
procedurespl,85,13
product_version_info,2,8
productactivation,1,17
ProgressNotes,178,12
providermobilesettings,57,11
pt_adv_directives,2,12
ptcommunicationlogs,4,13
ptinstruction,1,9
ptportal_usage_logs,2018,11
pushinfotoportal,17,28
questionnairedata,32,27
questionnairemaster,1,36
RACEOTHERS,16,12
recelectroniclabresults,25,12
Recent_patient_history,3036,10
ref_attachments,1,11
refApptLog,1,11
referral,1,79
refillpres_sync,296,10
registry_currentmeds,92029,9
registry_currentmeds_lmd,1,12
registry_search_params,2,14
resourcescheduleconfiguration,45,14
review,284,12
reviewlog,333,12
rpm_general_settings,2,13
rwformlog,6994,14
Rx_Medication_Alert,6,21
rxhub_eligibilityValidationLogs,2,11
rxhub_formulary,284,23
rxhub_rxhistory,1688,50
rxhub_rxhistoryrequestlog,61,19
rxhub_scriptlog,43,62
rxhub_scriptxml,43,9
rxndcexceptionlogs,239758,21
schedulefailurelog,5,9
Send_To_Logs,18,16
server_resource_utilization,22,12
serverDetails,11,17
smsmsglogs,71,89
social,698,11
statusnotificationlog,819,14
statusnotifications,819,11
structDemographics,101,18
structpreventive,3,15
structSocialHistory,119,16
structured_data,34,14
surescript_ChangeRxOptions,16,40
surescript_eprescription,45,99
surescript_faxpharmacylist,633,21
surescript_pharmacylist,68701,25
surescript_reqotherinfo,155,37
surescript_requestlog,212,141
surgicalhistory,116,11
systemtosystemkpidetail,71,14
taskLogs,12,13
taskSchedule,13,9
tbladditionalinfodecrypted,3,32
tbladolescencedetaillog,1,8
tbladolescencelog,1,11
tbladolescencesettinglog,2,10
tblemailsettings,22,13
tblmobilephyportalmisc,1,10
tblmobilephyportaltasks,17,15
tblmobilewebadminsettings,3,13
tblportalcontactsdecrypted,3,25
tblportalmenu,37,13
tblportalmisc,6,10
tblPortalTasks,12,20
tblPortalTasksActivity,17,19
tblportalusersdecrypted,3,44
tblWebAdminSettings,23,13
tblwebencdata,180,10
tblwebmsg,249,37
tblwebmsgdetailedInfo,55,9
tblWebMsgExt,66,8
telenc,348,26
telenc_loghist,439,29
tracker_notification_details,61,11
tracker_notifications,19,10
trackingBoard_cycletime,289,17
transactions,95,16
treatmentnotes,13,9
txtenabledpatients,3,20
ufgdefs,1,28
unusual_activity_access_log_reason,69,17
unusual_activity_summary,8,10
updaterxndclog,1,23
upgradeconfig,24,9
user_token,8,13
userloginconfig,1,16
userPasswordLogs,1,10
userprofile,39,553
userprofile_ext,20,10
users,1019,96
users_additionalinfo,14,26
userschedulesettings,2,11
usersCodeDetails,43,27
UserSession,366,11
useruidefaults,275,10
usrlogs,717,26
verifyPasswordLogs,22,12
visitsummaryoptions,17,12
vitals,250,18
vitalshistory,252,19
vitalslog,9,17
voicebatches,6,14
voiceConfig,1,202
voicemsglogs,32,86
voiceptmsgconfig,2,21
voiceschtasks,12,20
wcv_patient_details,267088,15
wsmessage,2,10
x12_cfg,1,37
x12ebs,547,34
x270_cfg,10,46
x271respDetails,828,131
X271TransErrorLogs,72,18
