TABLE_NAME,count
wcv_patient_details,267179
rxndcexceptionlogs,239758
dl_cube_kpis_op_medication,123961
registry_currentmeds,92029
surescript_pharmacylist,68701
tblmobilephyportaltasks,30260
claimLookUpSearchCriteria,17139
ecwaccesslog102025,17093
fileTransferAuditLog,16218
hl7labnotes,14178
claimscrubconsumers,13044
ihe_document,12077
x12_cfg,11692
hl7labdatadetail,11582
rwformlog,10772
logprogressnotesxml,10125
msgdetail,10051
labdataex,9751
labdatadetaillog,9331
edi_inv_cpt,9329
enc_sync,8700
prisma_labresult_observation,8473
logprogressnotes,8387
edi_invoice,8171
voiceschtasks,8080
labdata,7688
electroniclabresults,7558
pharmacy,7467
faxlogs,6867
x271respDetails,6474
labdatadetail,6336
lab_sync,6101
encounterData,5811
prisma_ccd_document_section,5513
enc,5449
logptspecificdataxml,5272
message,5190
engine_practice,4854
tblPortalTasks,4802
tblPortalTasksActivity,4789
users,4316
patientupdatelog,4155
interop_transaction_logs,4135
claimViewHistory,3995
prisma_encounters,3972
prisma_patient_status,3659
interop_previsit_request_log,3443
Recent_patient_history,3036
prisma_socialhistory_details,2999
PMOrders,2940
ccda_code_translation_log,2743
fhir_user_audit_log,2742
mobileportaldemofields,2672
tblportalmisc,2470
interop_pt_transaction_mapping,2322
tblmobilephyportalmisc,2306
OldRxDetail,2256
prisma_vital_values,2254
medicationlogsdetail,2104
useruidefaults,2098
ptportal_usage_logs,2018
patients,2016
prisma_nomenclatureMapping_auditlog,1984
x270_cfg,1940
productactivation,1936
appntconfemaillogs,1904
documentlog,1883
electronichl7content,1859
rxhub_rxhistory,1688
surescript_requestlog,1628
product_version_info,1626
empilabexportlog,1500
providermobilesettings,1336
tblmobilewebadminsettings,1336
edi_online_requests,1289
userprofile,1259
tbl_proxy_portal_users,1225
prisma_labresult_details,1203
labattachment_archive,1188
annualnotes,1183
mo_tables_sync,1169
log,1109
encounterlog,1102
vitalshistory,1065
resourcescheduleconfiguration,976
usrlogs,824
statusnotificationlog,819
statusnotifications,819
billinglogs,813
prisma_medication_details,812
OldRxMain,786
document,766
Authenticationuserlogin,750
hcc_requests,708
social,698
prisma_audit_logs,684
prisma_records,682
prisma_providers,650
surescript_faxpharmacylist,633
pushinfotoportal,616
Notes,587
ecri_template_submodules,579
prisma_encounter_details,567
prisma_transaction_table_details,562
enc_visitsubtype_mapping,547
x12ebs,547
encStatusHistory,546
encLog,539
logpatientlookup,535
billingdata,532
refillpres_sync,532
pnoutboundsentlog,521
dl_cube_psms,501
systemtosystemkpidetail,497
diagnosis,496
telenc,492
prisma_patient_data,480
prisma_vital_batch,475
telenc_loghist,439
epcs_usersactivitylogs,412
smsmsglogs,388
interfacexml,377
batchfaxing,372
usersCodeDetails,366
UserSession,366
visitsummaryoptions,350
reviewlog,333
upgradeconfig,331
rxhub_formulary,317
carryforwardlogs,310
logpatientdemographics,308
maskedPatientMapping,301
logpatientdemographicsxml,294
trackingBoard_cycletime,289
enc_multiappt,285
review,284
messenger,273
dl_cube_kpis_facility,271
enc_utctimes,269
ecwlabhub_spoke_mapping,268
netAccessPNOutbound,262
prisma_allergy_reaction,254
vitals,250
interopBatch,249
tblwebmsg,249
oldrxformularydetails,235
labdatacc,233
oldrxmain_addlinfo,232
patientInfo,222
commonwellReqLog,218
hpi,214
voicemsglogs,207
dw_hcc_elig_pt,200
itemkeys,198
docsRefdata,196
encounters,195
inptvisit_sync,193
problemListLog,187
empiccrexportlog,186
nhxP2pRecordStatus,186
structSocialHistory,186
tblwebencdata,180
assignedpnenc,178
faxInboxBilling,178
faxinboxlogs,178
problemList,178
ProgressNotes,178
transcriptions,178
surescript_reqotherinfo,155
edi_inv_insurance,154
inboundinterfacelogs,154
patcheslist,147
edi_insPayments,146
ecri_template_cp_logs,140
prisma_summary_reports,140
surescript_eprescription,133
netaccessrecordslog,131
prisma_kpi_meta_data_logs,130
family,128
familydata,128
prisma_update_lock,125
interopccrcache,124
serverDetails,118
surgicalhistory,116
transactions,109
nhxJobs,107
structDemographics,102
edi_PaymentDetail,100
deleted_messages,95
procedurespl,94
portaltablesync,92
documentfolders,88
prisma_user_patient_mapping,86
ebo_loginhistory,84
edi_inv_claimstatus_log,80
InsuranceDetail,75
labAssessments,75
dj_run_log_batch,74
phrLog,73
hospitalization,72
prisma_care_team_members,72
problemlist_ext,72
X271TransErrorLogs,72
claim_assignedto_history,70
prisma_records_xsl,70
appliedtemplateslog,69
unusual_activity_access_log_reason,69
filemonitorlogs,66
tblWebMsgExt,66
encex,63
empioptinconsenttagged,62
rxhub_rxhistoryrequestlog,61
tracker_notification_details,61
fileScanAuditLogs,55
patients_disability_status,55
tblwebmsgdetailedInfo,55
nhxReferral,54
icd9_synonyms,53
printlogs,52
labitemkeys,51
allergies,50
dw_hcc_enc_staging,50
idslistkeys,49
familydetail,46
rxhub_scriptlog,43
rxhub_scriptxml,43
contacts,40
pnattachments,40
idslistdetail,39
logfilter,36
logpatientdemographicsxml_mulog,35
batchfaxinglog,34
ecri_clipboard_logs,34
ecri_clipboard_submodules,34
prisma_kpi_general_logs,34
structured_data,34
ecri_caret_categories,33
authenticationsecuritylog,32
breakglasswarning,32
questionnairedata,32
interface_archive_log,31
claim_provider_logs,30
ecwschtaskstatus,30
devicecompatabilitycheckdata,28
medicationlogs_addlinfo,28
mobileportaltablesync,27
logFormularyRequests,26
alertdata,25
CDSS_Logs,25
claim_assignedTo_historydetail,25
dj_ctl_analytics_central_trending_metrics,25
invalidatecache,25
recelectroniclabresults,25
labOrders,24
prisma_procedure_details,24
user_token,24
userprofile_ext,24
out_of_office_logs,23
dmportal,22
prisma_kpi_info,22
server_resource_utilization,22
verifyPasswordLogs,22
dl_cube_kpis_practice,21
patchesfacility,21
PatientPharmacyList,21
voiceConfig,21
familyHxDetails,20
followup_encounterdata,20
rpm_general_settings,20
admin_tblcreationlog,19
prisma_problem_codes,19
tracker_notifications,19
msgsyncrefattachftp,18
nhxapptreferral,18
nhxpatient,18
nhxTelEnc,18
phoneoremailverifiedlogs,18
RACEOTHERS,18
Send_To_Logs,18
enctelemed,17
logdruginteraction,17
oa_enc_fu,17
claim_cpt_logs,16
dashboard_sticky_notes,16
dw_dim_kpi_master_request,16
patient_insights_log,16
portalaccountlogs,16
questionnairemaster,16
surescript_ChangeRxOptions,16
accounts_assignedto_history,15
failedLoginAttemptsLogs,15
preventive,15
users_additionalinfo,15
edi_inv_adjustments,14
taskSchedule,14
treatmentnotes,14
InteractionNotes,13
occhealth_document_email,13
carePlanRequestLog,12
patients_phone_number,12
prisma_table_sync_logs,12
taskLogs,12
currentaccountsactionresultcode,11
patient_account_queue,11
prisma_immunization_details,11
queuetransactions,11
alertdata_status,10
phytaskSchedule,10
schedulefailurelog,10
securityitems,10
labOrdersDetails,9
vitalslog,9
claim_transfer_history,8
claims_insurance_logs,8
ehxjobsstatus,8
epcs_eprescriptionLogs,8
epcs_scriptlog,8
logdruginteraction_htmldata,8
unusual_activity_summary,8
empibatchlog,7
isPluginInstalled,7
cdss_failed_attempts_logs,6
ecwprintlogs,6
Rx_Medication_Alert,6
voicebatches,6
cdss_vitals,5
edi_inv_claimheader,5
edi_inv_diagnosis,5
menudescription,5
ptcommunicationlogs,5
tblemailsettings,5
tblportalmenu,5
tblWebAdminSettings,5
VoiceCheckInFacilitySettings,5
letterLogs,4
phyportalaccnt,4
tblportalcontactsdecrypted,4
ACCESSDENIEDLOGS,3
addendum_logs,3
AdjustmentPosting,3
cre_events_execution_report,3
CRE_Preview_Event,3
dj_run_analytics_job_detail,3
edi_inv_eob,3
encaddendums,3
macro_keyword_triggerlogs,3
patient_language,3
registry_search_reports,3
regsitry_temp_reports,3
structpreventive,3
tbladditionalinfodecrypted,3
tblportalusersdecrypted,3
txtenabledpatients,3
activemq_interop_listener_details,2
coc,2
dj_run_log_kpi,2
dl_cube_kpis_op_encdata,2
dl_cube_psms_provider,2
ecwScheduledJobLogs,2
eligibility_processed_calls,2
empiptdata,2
pcphistory,2
pt_adv_directives,2
registry_currentmeds_lmd,2
registry_search_params,2
rxhub_eligibilityValidationLogs,2
tbladolescencesettinglog,2
telemed_groupvisit_logs,2
telemed_groupvisit_patientlog,2
userschedulesettings,2
voiceptmsgconfig,2
wsmessage,2
abs_session_timeout_logs,1
addressmanager,1
auth_user,1
authenticatepwd,1
claim_cpt_charges_transaction_logs,1
clmpatfeeschlog,1
cloud_sync_job_run_info,1
coc_contacts,1
dj_ctl_user_psm_alert,1
dl_cube_kpis_current_ar,1
dl_cube_kpis_op_documents,1
dl_cube_kpis_op_electroniclabs,1
dl_cube_kpis_op_labdata,1
dl_cube_kpis_op_lsmactionsdata,1
DL_CUBE_KPIS_OP_REFERRALDATA,1
dl_cube_noshow_daily_data,1
dl_cube_ucl_encdata,1
dl_cube_ucl_userworkhours,1
dl_cube_yearly_reminder_daily_data,1
dx_myfavorites,1
EDI_PAYMENTBATCH,1
empiptdatalog,1
eptstmts,1
evaUserPreferences,1
faxaulogs,1
imagingstudies,1
interop_error_codes,1
logincheck,1
logpermissionsxml,1
logprintschedule,1
oooLogs,1
OutgoingReferralLogs,1
physicalExam,1
prizmaglobalproperties,1
ptinstruction,1
ref_attachments,1
refApptLog,1
referral,1
tbladolescencedetaillog,1
tbladolescencelog,1
ufgdefs,1
updaterxndclog,1
userloginconfig,1
userPasswordLogs,1
