TABLE_NAME,CREATE_TIME,UPDATE_TIME
progressnotes_decryptfinal,"2025-11-02 08:31:39","2025-11-02 08:31:40"
vitalshistory,"2025-11-01 00:03:39",NULL
users,"2025-11-01 00:03:39",NULL
treatmentnotes,"2025-11-01 00:03:38",NULL
telenc,"2025-11-01 00:03:38",NULL
surgicalhistory,"2025-11-01 00:03:38",NULL
structured_data,"2025-11-01 00:03:38",NULL
structsocialhistory,"2025-11-01 00:03:37",NULL
structhpi,"2025-11-01 00:03:37",NULL
structccmr,"2025-11-01 00:03:37",NULL
social,"2025-11-01 00:03:36",NULL
rx_medication_alert,"2025-11-01 00:03:36",NULL
review,"2025-11-01 00:03:36",NULL
ptinstruction,"2025-11-01 00:03:36",NULL
procedurespl,"2025-11-01 00:03:35",NULL
patients,"2025-11-01 00:03:35",NULL
oldrxmain_addlinfo,"2025-11-01 00:03:34",NULL
oldrxmain,"2025-11-01 00:03:34",NULL
notes,"2025-11-01 00:03:31",NULL
oldrxdetail,"2025-11-01 00:03:31",NULL
labdata,"2025-11-01 00:03:30",NULL
interactionnotes,"2025-11-01 00:03:30",NULL
inpatientvisit,"2025-11-01 00:03:30",NULL
immunizations,"2025-11-01 00:03:30",NULL
hpi,"2025-11-01 00:03:30",NULL
hl7labnotes,"2025-11-01 00:03:29",NULL
hl7labdatadetail,"2025-11-01 00:03:28",NULL
family,"2025-11-01 00:03:28",NULL
encounters,"2025-11-01 00:03:27",NULL
encounterdata,"2025-11-01 00:03:27",NULL
encaddendums,"2025-11-01 00:03:27",NULL
enc,"2025-11-01 00:03:26",NULL
edi_invoice,"2025-11-01 00:03:26",NULL
edi_inv_diagnosis,"2025-11-01 00:03:25",NULL
edi_inv_cpt,"2025-11-01 00:03:25",NULL
edi_dfr_info,"2025-11-01 00:03:25",NULL
billingdata,"2025-11-01 00:03:25",NULL
assessment_notes_history,"2025-11-01 00:03:25",NULL
annualnotes,"2025-11-01 00:03:24",NULL
allergies,"2025-11-01 00:03:24",NULL
labdataex,"2025-11-05 01:49:49","2025-11-05 01:50:00"