autoqc_date,table_name,source_rows_count,dest_rows_count,status,ignore_rows_count,reason,is_phi
2025-12-18,encounterdata,4574,4574,False,0,"QC Failed on columns: AsmtNotes, AsmtNotes, NextAppt, NextAppt, pastHistory, pastHistory",True
2025-12-18,hl7labdatadetail,11582,10128,False,1454,"QC Failed on columns: value, value",True
2025-12-18,structured_data,34,34,False,0,"QC Failed on columns: DATA, DATA",True
2025-12-18,voicemsglogs,32,32,False,0,"QC Failed on columns: VoiceMessageLiveText, VoiceMessageLiveText, VoiceMessageMachineText, VoiceMessageMachineText",True
2025-12-18,referral,1,1,True,0,,True
2025-12-18,users,1019,1017,True,2,,True
2025-12-18,dashboard_sticky_notes,16,16,False,0,"QC Failed on columns: PtNotes, PtNotes",True
2025-12-18,questionnairemaster,1,1,True,0,,True
2025-12-18,telenc,348,348,False,0,"QC Failed on columns: Caller, Caller, message, message, actiontaken, actiontaken",True
2025-12-18,procedurespl,85,85,False,0,"QC Failed on columns: value, value, VALUE2, VALUE2",True
2025-12-18,rx_medication_alert,6,6,True,0,,True
2025-12-18,edi_inv_diagnosis,5,5,True,0,,True
2025-12-18,oldrxdetail,2168,2168,False,0,"QC Failed on columns: VALUE, VALUE",True
2025-12-18,cdss_failed_attempts_logs,6,6,True,0,,True
2025-12-18,patients,1068,1068,False,0,"QC Failed on columns: notes, notes, BillingAlertNotes, BillingAlertNotes",True
2025-12-18,enc,1212,1212,False,0,"QC Failed on columns: generalNotes, generalNotes, stsAfterChkIn, stsAfterChkIn, Dx, Dx, EncEligibilityStatus4, EncEligibilityStatus4, EligibilityMessage4, EligibilityMessage4",True
2025-12-18,treatmentnotes,13,13,True,0,,True
2025-12-18,laborders,12,12,False,0,"QC Failed on columns: MessageContent, MessageContent",True
2025-12-18,claimviewhistory,3995,3995,True,0,,True
2025-12-18,cdss_logs,25,25,True,0,,True
2025-12-18,dl_cube_kpis_op_encdata,367304,367304,True,0,,True
2025-12-18,labdataex,885,636,True,249,,True
2025-12-18,edi_inv_cpt,8771,8771,False,0,"QC Failed on columns: Notes, Notes",True
2025-12-18,edi_inv_eob,1,1,True,0,,True
2025-12-18,phrlog,73,73,False,0,"QC Failed on columns: phrdata, phrdata",True
2025-12-18,tblportalcontactsdecrypted,3,1,False,2,,True
2025-12-18,surescript_reqotherinfo,155,155,True,0,,True
2025-12-18,progressnotes,178,178,False,0,"QC Failed on columns: summary, summary",True
2025-12-18,rxhub_rxhistory,1688,1688,True,0,,True
2025-12-18,x271respdetails,828,828,True,0,,True
2025-12-18,vitals,250,250,True,0,,True
2025-12-18,adjustmentposting,3,3,True,0,,True
2025-12-18,surescript_changerxoptions,16,16,True,0,,True
2025-12-18,edi_inv_insurance,56,1,True,55,,True
2025-12-18,dmportal,11,11,False,0,"QC Failed on columns: path, path, customName, customName",True
2025-12-18,ecri_clipboard_logs,34,0,True,34,,True
2025-12-18,billinglogs,813,667,False,146,"QC Failed on columns: LogNotes, LogNotes",True
2025-12-18,msgsyncrefattachftp,18,13,False,5,"QC Failed on columns: remoteparentdirectory, remoteparentdirectory",True
2025-12-18,ecri_template_submodules,579,579,True,0,,True
2025-12-18,patientpharmacylist,21,21,True,0,,True
2025-12-18,dl_cube_kpis_current_ar,40884,40884,True,0,,True
2025-12-18,oldrxformularydetails,228,228,True,0,,True
2025-12-18,labassessments,75,75,True,0,,True
2025-12-18,lab_sync,1386,1386,True,0,,True
2025-12-18,batchfaxing,372,372,True,0,,True
2025-12-18,rxhub_eligibilityvalidationlogs,2,2,True,0,,True
2025-12-18,carryforwardlogs,310,310,True,0,,True
2025-12-18,providermobilesettings,57,57,True,0,,True
2025-12-18,prisma_transaction_table_details,62,62,True,0,,True
2025-12-18,oa_enc_fu,17,17,True,0,,True
2025-12-18,commonwellreqlog,218,218,False,0,"QC Failed on columns: reqData, reqData",True
2025-12-18,document,714,714,False,0,"QC Failed on columns: filename, filename, customName, customName, Description, Description, attachto, attachto, dirpath, dirpath",True
2025-12-18,edi_inv_adjustments,9,9,True,0,,True
2025-12-18,x12ebs,547,547,True,0,,True
2025-12-18,encstatushistory,546,546,True,0,,True
2025-12-18,currentaccountsactionresultcode,6,6,True,0,,True
2025-12-18,message,7220,7220,False,0,"QC Failed on columns: subject, subject, message, message",True
2025-12-18,isplugininstalled,7,7,True,0,,True
2025-12-18,interopbatch,166,166,False,0,"QC Failed on columns: pidList, pidList",True
2025-12-18,ecri_caret_categories,33,33,True,0,,True
2025-12-18,structdemographics,101,101,True,0,,True
2025-12-18,maskedpatientmapping,174,174,True,0,,True
2025-12-18,epcs_eprescriptionlogs,8,8,True,0,,True
2025-12-18,coc,2,2,True,0,,True
2025-12-18,documentlog,1883,1883,False,0,"QC Failed on columns: notes, notes, logData, logData",True
2025-12-18,ihe_document,7994,7994,False,0,"QC Failed on columns: DocumentName, DocumentName, source, source, filename, filename",True
2025-12-18,pcphistory,2,2,True,0,,True
2025-12-18,problemlist_ext,39,39,True,0,,True
2025-12-18,surescript_requestlog,212,211,False,1,"QC Failed on columns: XMLData, XMLData, XMLResponseData, XMLResponseData",True
2025-12-18,macro_keyword_triggerlogs,3,3,True,0,,True
2025-12-18,labattachment_archive,1188,1188,False,0,"QC Failed on columns: ProcessedResult, ProcessedResult",True
2025-12-18,refillpres_sync,296,296,True,0,,True
2025-12-18,prisma_patient_data,480,0,True,480,,True
2025-12-18,enc_multiappt,285,285,True,0,,True
2025-12-18,surescript_eprescription,45,45,True,0,,True
2025-12-18,eptstmts,1,1,False,0,"QC Failed on columns: statementXml, statementXml",True
2025-12-18,pmorders,1960,1960,False,0,"QC Failed on columns: MessageContent, MessageContent, AckReceived, AckReceived",True
2025-12-18,msgdetail,53,53,True,0,,True
2025-12-18,usrlogs,717,717,True,0,,True
2025-12-18,fhir_user_audit_log,2742,151,True,2591,,True
2025-12-18,annualnotes,844,844,False,0,"QC Failed on columns: notes, notes, notesHTML, notesHTML",True
2025-12-18,interop_pt_transaction_mapping,1732,1732,True,0,,True
2025-12-18,labdatadetaillog,9331,9331,True,0,,True
2025-12-18,familydetail,46,46,True,0,,True
2025-12-18,pt_adv_directives,2,2,True,0,,True
2025-12-18,useruidefaults,275,275,True,0,,True
2025-12-18,hl7labnotes,14178,11516,False,2662,"QC Failed on columns: notes, notes",True
2025-12-18,dl_cube_psms,217,217,True,0,,True
2025-12-18,tracker_notifications,19,19,True,0,,True
2025-12-18,prisma_medication_details,812,812,False,0,"QC Failed on columns: instruction, instruction",True
2025-12-18,appliedtemplateslog,69,69,True,0,,True
2025-12-18,claim_provider_logs,30,30,True,0,,True
2025-12-18,electronichl7content,908,908,False,0,"QC Failed on columns: hl7message, hl7message, newHL7Message, newHL7Message",True
2025-12-18,log,1109,1109,True,0,,True
2025-12-18,logformularyrequests,26,26,True,0,,True
2025-12-18,questionnairedata,32,32,False,0,"QC Failed on columns: value, value",True
2025-12-18,logfilter,36,36,False,0,"QC Failed on columns: oldvalue, oldvalue, newvalue, newvalue, tagname, tagname",True
2025-12-18,logpatientdemographicsxml_mulog,35,35,True,0,,True
2025-12-18,logpatientdemographicsxml,294,294,False,0,"QC Failed on columns: xmldata, xmldata",True
2025-12-18,userprofile,39,39,True,0,,True
2025-12-18,user_token,8,8,True,0,,True
2025-12-18,ecwschtaskstatus,29,29,True,0,,True
2025-12-18,encounterlog,1102,1102,False,0,"QC Failed on columns: logdetails, logdetails",True
2025-12-18,prisma_procedure_details,24,24,True,0,,True
2025-12-18,cre_preview_event,2,2,True,0,,True
2025-12-18,medicationlogsdetail,2104,2104,True,0,,True
2025-12-18,rxndcexceptionlogs,239758,236097,True,3661,,True
2025-12-18,medicationlogs_addlinfo,28,28,True,0,,True
2025-12-18,logprogressnotes,8387,8154,False,233,"QC Failed on columns: data, data",True
2025-12-18,prisma_audit_logs,684,684,True,0,,True
2025-12-18,dl_cube_kpis_op_medication,123961,123961,False,0,"QC Failed on columns: DrugDescription, DrugDescription",True
2025-12-18,enc_sync,2108,2108,True,0,,True
2025-12-18,pharmacy,5335,5335,True,0,,True
2025-12-18,failedloginattemptslogs,15,15,True,0,,True
2025-12-18,rxhub_formulary,284,171,True,113,,True
2025-12-18,prisma_labresult_details,1203,1203,True,0,,True
2025-12-18,raceothers,16,16,True,0,,True
2025-12-18,refapptlog,1,1,True,0,,True
2025-12-18,edi_online_requests,772,479,False,293,"QC Failed on columns: Response, Response",True
2025-12-18,reviewlog,333,333,True,0,,True
2025-12-18,prisma_patient_status,742,742,False,0,"QC Failed on columns: prismaFilters, prismaFilters",True
2025-12-18,labdatacc,206,206,False,0,"QC Failed on columns: Comments, Comments",True
2025-12-18,prisma_vital_batch,475,475,True,0,,True
2025-12-18,cre_events_execution_report,2,2,True,0,,True
2025-12-18,labitemkeys,34,34,True,0,,True
2025-12-18,tblwebmsg,249,249,False,0,"QC Failed on columns: SUBJECT, SUBJECT, Body, Body",True
2025-12-18,trackingboard_cycletime,289,289,True,0,,True
2025-12-18,ccda_code_translation_log,2743,2743,True,0,,True
2025-12-18,prisma_table_sync_logs,12,12,True,0,,True
2025-12-18,careplanrequestlog,12,12,True,0,,True
2025-12-18,coc_contacts,1,1,True,0,,True
2025-12-18,ebo_loginhistory,84,84,True,0,,True
2025-12-18,review,284,284,True,0,,True
2025-12-18,empiptdata,1,1,True,0,,True
2025-12-18,social,698,698,False,0,"QC Failed on columns: value, value",True
2025-12-18,alertdata_status,4,4,True,0,,True
2025-12-18,out_of_office_logs,23,23,True,0,,True
2025-12-18,ptinstruction,1,1,True,0,,True
2025-12-18,hospitalization,72,72,False,0,"QC Failed on columns: reason, reason",True
2025-12-18,logincheck,1,1,True,0,,True
2025-12-18,netaccessrecordslog,130,130,True,0,,True
2025-12-18,registry_currentmeds_lmd,1,1,True,0,,True
2025-12-18,logprogressnotesxml,10072,9554,False,518,"QC Failed on columns: xmldata, xmldata, comments, comments",True
2025-12-18,recelectroniclabresults,25,25,False,0,"QC Failed on columns: processedResult, processedResult",True
2025-12-18,electroniclabresults,2914,1444,True,1470,,True
2025-12-18,prisma_allergy_reaction,254,254,True,0,,True
2025-12-18,pnattachments,31,31,False,0,"QC Failed on columns: document, document",True
2025-12-18,tblportalusersdecrypted,3,3,True,0,,True
2025-12-18,edi_invoice,3998,3998,False,0,,True
2025-12-18,messenger,55,55,True,0,,True
2025-12-18,prisma_ccd_document_section,137469,137460,False,9,"QC Failed on columns: htmlText, htmlText",True
2025-12-18,physicalexam,1,1,True,0,,True
2025-12-18,labdata,956,956,False,0,"QC Failed on columns: Notes, Notes, collSource, collSource, clinicalinfo, clinicalinfo, IntNotes, IntNotes, collDescription, collDescription",True
2025-12-18,epcs_scriptlog,8,8,False,0,"QC Failed on columns: XMLData, XMLData, SignatureValueB64text, SignatureValueB64text",True
2025-12-18,tblwebencdata,180,180,True,0,,True
2025-12-18,notes,270,270,False,0,"QC Failed on columns: notes, notes, notesHTML, notesHTML",True
2025-12-18,nhxp2precordstatus,185,185,True,0,,True
2025-12-18,nhxreferral,36,16,False,20,"QC Failed on columns: reason, reason, notes, notes, referralXml, referralXml",True
2025-12-18,billingdata,427,427,True,0,,True
2025-12-18,nhxtelenc,18,16,False,2,"QC Failed on columns: message, message, reason, reason",True
2025-12-18,interop_transaction_logs,2006,1871,True,135,,True
2025-12-18,logpatientdemographics,308,308,True,0,,True
2025-12-18,labordersdetails,9,9,True,0,,True
2025-12-18,nhxapptreferral,18,0,True,18,,True
2025-12-18,structpreventive,3,3,True,0,,True
2025-12-18,surescript_pharmacylist,68701,68701,True,0,,True
2025-12-18,ecri_clipboard_submodules,34,34,True,0,,True
2025-12-18,transactions,95,0,True,95,,True
2025-12-18,printlogs,52,52,True,0,,True
2025-12-18,prisma_socialhistory_details,2999,2999,False,0,"QC Failed on columns: obsId, obsId, codename, codename",True
2025-12-18,telenc_loghist,439,439,True,0,,True
2025-12-18,batchfaxinglog,34,34,True,0,,True
2025-12-18,portalaccountlogs,16,16,True,0,,True
2025-12-18,addressmanager,1,1,True,0,,True
2025-12-18,family,128,128,False,0,"QC Failed on columns: Notes, Notes",True
2025-12-18,encounters,193,193,False,0,"QC Failed on columns: Notes, Notes, notes2, notes2",True
2025-12-18,patientinfo,54,54,True,0,,True
2025-12-18,logdruginteraction_htmldata,8,8,False,0,"QC Failed on columns: dataHtml, dataHtml",True
2025-12-18,interfacexml,377,377,True,0,,True
2025-12-18,prisma_kpi_meta_data_logs,62,62,True,0,,True
2025-12-18,prisma_problem_codes,19,19,True,0,,True
2025-12-18,pnoutboundsentlog,257,257,True,0,,True
2025-12-18,labdatadetail,6267,6267,True,0,,True
2025-12-18,prisma_care_team_members,72,72,True,0,,True
2025-12-18,encaddendums,3,3,True,0,,True
2025-12-18,imagingstudies,1,1,True,0,,True
2025-12-18,phyportalaccnt,2,2,True,0,,True
2025-12-18,enc_visitsubtype_mapping,242,242,True,0,,True
2025-12-18,problemlistlog,187,187,True,0,,True
2025-12-18,statusnotificationlog,819,819,True,0,,True
2025-12-18,icd9_synonyms,72,72,True,0,,True
2025-12-18,hpi,214,214,False,0,"QC Failed on columns: Notes, Notes, notes2, notes2",True
2025-12-18,enc_utctimes,137,137,True,0,,True
2025-12-18,prisma_records,11221,11221,True,0,,True
2025-12-18,prisma_user_patient_mapping,877,877,True,0,,True
2025-12-18,ptcommunicationlogs,4,4,True,0,,True
2025-12-18,surgicalhistory,116,116,False,0,"QC Failed on columns: reason, reason, date, date",True
2025-12-18,rxhub_scriptlog,43,43,True,0,,True
2025-12-18,diagnosis,352,352,True,0,,True
2025-12-18,assignedpnenc,1,1,True,0,,True
2025-12-18,tasklogs,12,12,True,0,,True
2025-12-18,updaterxndclog,1,1,True,0,,True
2025-12-18,verifypasswordlogs,22,22,True,0,,True
2025-12-18,prisma_kpi_info,7,7,True,0,,True
2025-12-18,devicecompatabilitycheckdata,28,28,True,0,,True
2025-12-18,empiccrexportlog,62,62,True,0,,True
2025-12-18,idslistdetail,39,39,True,0,,True
2025-12-18,empilabexportlog,43,43,True,0,,True
2025-12-18,problemlist,98,98,True,0,,True
2025-12-18,registry_currentmeds,92029,92029,True,0,,True
2025-12-18,prisma_labresult_observation,8473,6281,False,0,data discrepancy present. ,True
2025-12-18,hcc_requests,101,101,True,0,,True
2025-12-18,patientupdatelog,901,901,True,0,,True
2025-12-18,outgoingreferrallogs,1,1,True,0,,True
2025-12-18,prisma_encounter_details,567,567,False,0,"QC Failed on columns: encounterId, encounterId, encounterTypeName, encounterTypeName",True
2025-12-18,edi_paymentdetail,43,43,True,0,,True
2025-12-18,prisma_providers,650,650,True,0,,True
2025-12-18,statusnotifications,819,819,False,0,"QC Failed on columns: body, body",True
2025-12-18,prisma_encounters,3972,3972,True,0,,True
2025-12-18,tbladditionalinfodecrypted,3,3,True,0,,True
2025-12-18,claim_transfer_history,8,6,True,2,,True
2025-12-18,send_to_logs,18,18,True,0,,True
2025-12-18,oldrxmain_addlinfo,198,198,True,0,,True
2025-12-18,tbladolescencedetaillog,1,1,True,0,,True
2025-12-18,oldrxmain,528,528,False,0,"QC Failed on columns: PreparedBy, PreparedBy",True
2025-12-18,tracker_notification_details,61,61,True,0,,True
2025-12-18,users_additionalinfo,14,14,True,0,,True
2025-12-18,structsocialhistory,119,119,True,0,,True
2025-12-18,rxhub_scriptxml,43,43,False,0,"QC Failed on columns: XMLScript, XMLScript",True
2025-12-18,accounts_assignedto_history,10,10,True,0,,True
2025-12-18,rxhub_rxhistoryrequestlog,61,61,False,0,"QC Failed on columns: RequestString, RequestString, ResponseString, ResponseString",True
2025-12-18,dj_run_log_batch,74,74,True,0,,True
2025-12-18,vitalshistory,252,252,True,0,,True
2025-12-18,familyhxdetails,20,20,True,0,,True
2025-12-18,familydata,128,128,False,0,,True
2025-12-18,prisma_vital_values,2211,2211,False,0,"QC Failed on columns: vitalBatchId, vitalBatchId",True
2025-12-18,ecri_template_cp_logs,140,0,True,140,,True
2025-12-18,prisma_immunization_details,11,11,True,0,,True
2025-12-18,x271transerrorlogs,72,72,True,0,,True
2025-12-18,faxinboxbilling,178,178,True,0,,True
2025-12-18,nhxpatient,18,0,True,18,,True
2025-12-18,interactionnotes,10,10,True,0,,True
2025-12-18,encex,63,63,True,0,,True
2025-12-18,edi_inspayments,90,89,True,1,,True
2025-12-18,edi_inv_claimheader,4,4,True,0,,True
2025-12-18,itemkeys,6,6,False,0,"QC Failed on columns: value, value, supportRemarks, supportRemarks",True
2025-12-18,interopccrcache,64,64,True,0,,True
2025-12-18,preventive,15,15,True,0,,True
2025-12-18,contacts,25,25,True,0,,True
2025-12-18,allergies,50,50,True,0,,True
2025-12-18,dl_cube_kpis_facility,257,257,True,0,,True
2025-12-18,server_resource_utilization,22,22,True,0,,True
2025-12-18,docsrefdata,196,196,False,0,"QC Failed on columns: name, name",True
2025-12-18,alertdata,14,14,True,0,,True
2025-12-18,dl_cube_kpis_practice,20,20,True,0,,True
2025-12-18,ref_attachments,1,1,True,0,,True
2025-12-18,edi_inv_claimstatus_log,80,80,True,0,,True
2025-12-18,voiceptmsgconfig,2,2,True,0,,True
2025-12-18,edi_paymentbatch,1,1,True,0,,True
2025-12-18,tblwebmsgext,66,66,True,0,,True
2025-12-18,txtenabledpatients,3,3,True,0,,True
2025-12-18,claim_assignedto_history,70,70,True,0,,True
2025-12-18,claim_assignedto_historydetail,25,0,True,25,,True
2025-12-18,ptportal_usage_logs,2018,1885,True,133,,True
2025-12-18,phoneoremailverifiedlogs,18,18,True,0,,True
2025-12-18,insurancedetail,85,85,False,0,"QC Failed on columns: groupName, groupName",True
2025-12-18,userschedulesettings,2,2,True,0,,True
2025-12-18,visitsummaryoptions,17,17,True,0,,True
2025-12-18,claims_insurance_logs,8,8,True,0,,True
2025-12-18,clmpatfeeschlog,1,1,True,0,,True
2025-12-18,faxaulogs,1,1,True,0,,True
2025-12-18,faxlogs,1152,1074,False,78,"QC Failed on columns: faxdata, faxdata",True
2025-12-18,smsmsglogs,71,71,False,0,"QC Failed on columns: SMSMESSAGEBODY, SMSMESSAGEBODY, ActualMessage, ActualMessage",True
2025-12-18,epcs_usersactivitylogs,412,0,True,412,,True
2025-12-18,filetransferauditlog,16218,16218,True,0,,True
2025-12-18,interface_archive_log,31,31,True,0,,True
2025-12-18,interop_previsit_request_log,3438,3438,True,0,,True
2025-12-18,letterlogs,4,4,True,0,,True
2025-12-18,logdruginteraction,17,17,False,0,"QC Failed on columns: encounter_id, encounter_id",True
2025-12-18,logpatientlookup,535,535,True,0,,True
2025-12-18,logpermissionsxml,1,1,True,0,,True
2025-12-18,logptspecificdataxml,5265,5265,True,0,,True
2025-12-18,vitalslog,9,9,True,0,,True
2025-12-18,empiptdatalog,1,1,True,0,,True
2025-12-18,netaccesspnoutbound,258,258,True,0,,True
2025-12-18,ooologs,1,1,True,0,,True
2025-12-18,tbladolescencelog,1,1,True,0,,True
2025-12-18,tbladolescencesettinglog,2,0,True,2,,True
2025-12-18,userpasswordlogs,1,1,True,0,,True
